,Farm0001,Farm0002,Farm0003,Farm0004,Farm0005,Farm0006,Farm0007,Farm0008,Farm0009,Farm0010,Farm0011,Farm0012,Farm0013,Farm0014,Farm0015,Farm0016,Farm0017,Farm0018,Farm0019,Farm0020,Farm0021,Farm0022,Farm0023,Farm0024,Farm0025,Farm0026,Farm0027,Farm0028,Farm0029,Farm0030,Farm0031,Farm0032,Farm0033,Farm0034,Farm0035,Farm0036,Farm0037,Farm0038,Farm0039,Farm0040,Farm0041,Farm0042,Farm0043,Farm0044,Farm0045,Farm0046,Farm0047,Farm0048,Farm0049,Farm0050,Farm0051,Farm0052,Farm0053,Farm0054,Farm0055,Farm0056,Farm0057,Farm0058,Farm0059,Farm0060,Farm0061,Farm0062,Farm0063,Farm0064,Farm0065,Farm0066,Farm0067,Farm0068,Farm0069,Farm0070,Farm0071,Farm0072,Farm0073,Farm0074,Farm0075,Farm0076,Farm0077,Farm0078,Farm0079,Farm0080,Farm0081,Farm0082,Farm0083,Farm0084,Farm0085,Farm0086,Farm0087,Farm0088,Farm0089,Farm0090,Farm0091,Farm0092,Farm0093,Farm0094,Farm0095,Farm0096,Farm0097,Farm0098,Farm0099,Farm0100,Farm0101,Farm0102,Farm0103,Farm0104,Farm0105,Farm0106,Farm0107,Farm0108,Farm0109,Farm0110,Farm0111,Farm0112,Farm0113,Farm0114,Farm0115,Farm0116,Farm0117,Farm0118,Farm0119,Farm0120,Farm0121,Farm0122,Farm0123,Farm0124,Farm0125,Farm0126,Farm0127,Farm0128,Farm0129,Farm0130,Farm0131,Farm0132,Farm0133,Farm0134,Farm0135,Farm0136,Farm0137,Farm0138,Farm0139,Farm0140,Farm0141,Farm0142,Farm0143,Farm0144,Farm0145,Farm0146,Farm0147,Farm0148,Farm0149,Farm0150,Farm0151,Farm0152,Farm0153,Farm0154,Farm0155,Farm0156,Farm0157,Farm0158,Farm0159,Farm0160,Farm0161,Farm0162,Farm0163,Farm0164,Farm0165,Farm0166,Farm0167,Farm0168,Farm0169,Farm0170,Farm0171,Farm0172,Farm0173,Farm0174,Farm0175,Farm0176,Farm0177,Farm0178,Farm0179,Farm0180,Farm0181,Farm0182,Farm0183,Farm0184,Farm0185,Farm0186,Farm0187,Farm0188,Farm0189,Farm0190,Farm0191,Farm0192,Farm0193,Farm0194,Farm0195,Farm0196,Farm0197,Farm0198,Farm0199,Farm0200,Farm0201,Farm0202,Farm0203,Farm0204,Farm0205,Farm0206,Farm0207,Farm0208,Farm0209,Farm0210,Farm0211,Farm0212,Farm0213,Farm0214
Farm0001,,0,6,4,5,10,6,10,6,6,2,4,10,8,6,10,9,12,6,4,6,6,8,4,12,5,2,14,12,16,13,6,11,12,14,14,15,6,13,12,7,10,5,5,6,8,13,2,4,12,14,5,4,4,18,12,14,10,7,14,6,16,9,16,14,14,11,12,6,14,15,8,12,12,6,14,14,14,14,6,13,7,13,14,15,17,9,16,5,4,10,10,12,13,10,16,10,13,19,12,10,16,13,16,5,14,10,18,12,10,13,10,13,16,18,17,16,19,14,16,16,10,18,16,20,15,16,16,8,14,10,16,11,10,10,16,16,16,21,16,15,12,12,17,14,11,16,15,18,12,15,10,22,22,140,18,14,17,22,18,12,15,13,12,20,12,17,17,17,11,16,14,18,16,14,12,15,16,16,16,12,21,18,11,20,11,16,22,18,16,14,18,14,16,16,18,13,16,18,20,17,22,28,22,29,18,9,12,25,24,18,22,22,28
Farm0002,0,,6,4,6,9,6,8,6,5,2,3,12,8,6,11,8,12,6,6,4,5,7,4,12,5,2,14,12,15,14,6,12,12,14,14,15,7,14,12,6,10,6,6,6,7,14,3,4,12,14,4,4,4,17,12,14,8,8,14,8,16,8,15,14,14,11,12,6,14,14,8,13,12,6,13,13,13,14,5,12,7,13,14,16,16,10,15,6,4,8,10,12,14,12,16,11,14,20,14,10,16,14,16,6,14,12,19,12,10,14,10,12,16,17,16,16,20,12,14,17,8,17,14,20,15,14,16,10,14,10,16,10,11,10,18,16,18,20,15,16,12,13,18,14,11,15,16,18,11,14,10,22,22,140,18,14,17,22,20,12,16,12,12,20,12,17,16,16,11,15,14,18,17,14,12,14,16,18,18,12,21,19,10,20,10,16,23,20,16,12,18,14,16,16,18,12,16,18,21,17,22,28,24,30,18,10,12,26,24,17,22,22,28
Farm0003,6,6,,7,11,16,12,15,4,12,6,10,18,13,10,18,14,18,12,11,13,12,14,8,19,10,10,20,18,22,17,12,18,18,18,18,21,12,20,18,12,14,12,11,12,13,20,9,10,18,20,11,10,10,23,18,20,15,11,20,12,22,16,22,20,17,16,19,12,20,20,14,20,16,12,19,18,19,20,12,19,14,19,20,22,23,14,22,12,10,16,16,16,18,11,22,18,18,26,20,16,22,20,22,12,20,16,25,18,17,18,16,19,22,24,22,22,26,19,18,22,16,24,22,25,22,22,21,14,20,16,22,16,14,18,22,20,22,26,20,20,19,19,23,20,16,21,20,23,19,21,16,28,28,147,22,18,24,26,26,18,22,16,19,26,17,22,22,22,18,22,20,24,23,20,17,18,22,24,23,16,27,24,17,26,16,20,28,26,22,18,24,19,22,24,24,18,22,24,27,21,28,34,30,36,24,16,18,32,30,24,28,26,34
Farm0004,4,4,7,,10,12,9,12,8,10,4,6,14,10,6,14,12,16,8,7,8,8,11,1,14,2,6,16,15,19,14,8,16,15,18,16,18,10,18,15,10,10,8,8,10,10,16,6,8,15,18,6,6,6,19,14,16,12,9,16,9,19,12,19,16,15,14,16,9,18,18,11,16,12,8,16,16,16,18,10,15,10,16,18,20,20,10,19,8,7,12,12,11,16,12,19,14,12,23,16,12,17,16,20,8,16,14,20,14,14,16,14,16,20,20,20,20,22,16,14,20,14,21,18,22,18,18,20,13,18,13,21,14,12,13,20,16,18,23,18,20,17,16,20,18,14,17,17,20,15,18,12,25,25,144,20,17,18,24,22,15,18,16,16,22,14,20,19,19,14,20,18,21,20,16,15,16,18,20,20,13,23,21,12,23,12,16,25,22,19,14,20,15,18,20,22,17,20,22,24,18,25,30,26,34,22,12,16,29,27,22,25,24,30
Farm0005,5,6,11,10,,15,13,12,12,2,7,10,18,3,12,17,16,19,0,10,12,2,14,10,18,12,8,19,18,22,18,12,17,18,18,20,21,2,20,18,11,16,12,10,2,13,18,8,10,19,20,9,10,9,23,18,20,16,14,20,14,22,16,20,20,18,17,18,12,21,21,14,18,18,12,19,19,19,20,12,8,13,20,20,22,24,15,23,11,10,16,4,18,18,16,21,16,18,24,18,16,22,19,22,12,20,17,24,18,16,19,16,20,24,24,23,22,26,18,21,22,16,24,20,15,20,21,22,16,20,16,23,17,17,18,24,22,22,27,20,12,19,8,14,22,16,22,22,24,18,22,16,28,28,146,24,20,21,26,26,18,22,18,9,26,18,23,22,20,18,22,21,24,24,21,8,22,22,22,12,18,27,26,17,16,17,23,30,25,22,18,14,18,22,22,24,18,24,24,28,22,18,32,30,37,24,16,18,32,30,24,18,18,34
Farm0006,10,9,16,12,15,,17,20,16,16,12,14,1,17,16,1,18,2,16,15,16,16,18,14,0,16,12,4,3,7,3,16,2,1,4,5,4,15,5,2,16,20,14,14,16,17,4,11,12,2,4,14,13,12,8,2,4,18,18,2,16,6,20,7,4,24,1,2,14,4,6,14,22,22,16,4,3,3,4,17,24,18,2,4,6,7,19,6,12,14,18,20,22,2,20,5,20,23,10,3,19,4,3,6,13,4,18,28,20,20,23,20,2,6,7,7,6,8,4,25,6,20,8,6,30,6,5,6,20,24,20,26,19,22,18,6,24,6,10,5,26,22,24,26,24,19,4,4,8,23,22,20,12,12,130,8,26,6,11,10,22,24,20,23,10,22,6,6,6,22,6,6,8,8,22,22,25,6,8,26,20,12,8,20,28,20,26,13,9,8,22,28,23,26,8,8,22,8,8,12,28,33,16,13,20,10,20,22,16,14,8,30,30,19
Farm0007,6,6,12,9,13,17,,15,12,10,8,11,16,12,12,16,14,18,12,12,10,10,14,11,17,10,9,20,18,22,18,12,18,18,19,20,20,12,20,18,12,16,12,9,12,13,18,8,10,18,19,11,10,10,24,18,20,15,14,18,12,22,16,22,21,18,17,18,12,20,22,14,19,18,12,18,20,19,18,12,19,12,19,20,22,24,14,22,11,10,15,16,18,20,16,22,17,18,25,19,16,20,19,21,10,20,16,24,18,16,20,16,19,23,22,22,22,24,19,21,22,16,24,22,26,20,22,24,14,20,16,22,18,17,18,24,21,22,26,22,22,18,20,24,22,17,20,20,24,17,20,16,28,28,146,24,20,22,26,26,18,21,18,20,24,18,24,22,22,16,22,20,25,22,20,18,22,22,23,23,18,28,24,16,26,14,22,28,25,21,18,24,21,20,24,25,18,23,24,28,24,28,34,28,36,24,16,18,32,30,25,27,26,33
Farm0008,10,8,15,12,12,20,15,,14,12,12,12,20,12,15,20,17,22,10,15,14,10,17,12,22,14,12,24,21,25,20,15,21,21,22,22,26,10,24,20,12,20,16,14,12,16,22,12,13,20,22,13,13,12,26,21,22,18,16,24,17,26,18,25,22,22,20,21,14,22,25,17,22,22,14,22,22,22,23,14,17,13,22,23,26,25,18,24,14,13,18,14,21,22,20,24,20,22,28,22,20,24,22,25,14,22,20,27,21,18,22,17,22,26,26,26,24,28,24,24,26,17,27,24,24,25,26,26,17,24,18,26,20,20,20,26,24,26,28,24,20,21,18,22,22,21,24,24,28,22,24,18,31,31,150,26,22,24,30,29,21,24,22,18,28,22,27,24,25,20,25,24,28,26,23,17,23,24,26,22,19,30,28,19,24,19,25,32,28,26,21,24,22,24,26,26,21,26,26,31,26,28,35,32,40,26,19,22,35,32,28,28,26,36
Farm0009,6,6,4,8,12,16,12,14,,11,6,11,17,14,10,18,14,20,12,10,12,11,14,9,17,9,8,20,18,23,18,12,18,18,18,20,22,12,20,18,11,14,12,12,12,14,18,8,10,18,20,10,9,10,22,18,20,16,11,19,12,22,16,22,20,18,16,18,12,20,20,13,20,17,14,18,18,20,20,12,20,13,18,20,22,22,13,22,12,10,16,16,16,18,12,20,18,17,24,18,16,22,18,22,12,20,18,24,18,16,20,16,18,24,24,24,22,26,20,19,22,16,24,22,26,20,23,22,14,20,16,22,16,14,16,23,20,23,25,20,21,20,19,22,21,18,20,20,24,18,22,16,28,28,146,22,19,22,28,26,18,20,18,18,26,18,23,21,22,17,22,21,23,24,20,18,18,22,23,22,16,26,26,16,26,16,20,28,25,22,18,24,20,22,23,24,20,23,23,27,21,26,33,28,36,24,16,18,32,30,24,28,26,34
Farm0010,6,5,12,10,2,16,10,12,11,,8,10,16,2,12,18,14,18,2,10,12,2,14,10,18,11,8,19,18,22,18,11,18,18,19,19,20,2,20,17,12,15,12,11,3,13,19,9,9,18,19,10,10,11,23,18,20,15,14,19,14,22,14,22,21,19,18,18,12,20,21,14,18,18,12,18,19,20,20,13,9,13,20,20,21,24,16,22,12,10,14,6,18,19,17,20,17,20,25,19,16,20,19,22,12,20,18,24,18,17,20,16,19,23,24,24,23,24,19,20,22,16,24,20,16,20,22,23,15,21,16,23,17,18,16,24,21,22,26,22,12,20,9,14,20,16,20,21,24,18,21,16,26,28,147,23,19,22,28,27,18,22,18,8,24,18,22,23,22,18,22,20,23,24,20,8,20,23,22,12,18,26,25,16,16,16,23,29,24,22,18,14,20,22,22,24,18,24,24,27,24,18,33,30,36,25,16,18,32,30,24,18,18,34
Farm0011,2,2,6,4,7,12,8,12,6,8,,8,13,8,5,14,10,15,8,6,8,7,10,5,14,6,6,15,14,18,13,8,15,14,15,16,16,7,16,13,8,10,8,7,7,9,15,5,7,14,16,6,6,6,19,14,16,10,8,14,9,18,12,18,16,12,13,14,8,16,18,10,16,13,7,14,16,16,16,7,15,8,16,15,17,18,9,18,8,6,10,11,12,16,10,16,12,13,21,14,12,17,15,19,8,16,12,20,14,12,14,13,15,18,20,19,18,20,15,14,17,12,20,17,22,16,18,18,10,16,12,18,14,12,14,18,15,20,22,16,18,14,15,20,16,13,17,18,20,14,16,12,24,24,142,20,15,18,22,22,14,16,12,16,20,14,20,18,18,14,18,17,20,19,16,14,15,18,20,19,13,23,22,12,21,12,15,24,22,19,14,20,15,18,18,20,16,20,21,24,18,24,28,26,32,19,12,13,28,26,21,24,24,30
Farm0012,4,3,10,6,10,14,11,12,11,10,8,,16,11,10,16,12,17,10,10,10,10,12,8,16,9,7,19,16,20,16,10,16,16,18,17,18,11,18,16,2,14,10,10,10,3,17,8,8,16,18,8,0,8,20,16,18,13,11,16,4,20,5,20,18,16,14,16,10,18,19,12,10,17,1,18,16,17,18,2,17,2,16,18,20,21,12,20,8,1,14,16,16,16,16,19,14,17,22,16,6,18,18,20,8,18,15,14,16,14,16,6,18,22,21,21,20,22,18,18,20,6,20,18,24,18,20,19,13,18,14,20,15,16,16,20,20,20,24,19,20,18,17,20,10,15,19,19,22,8,20,6,26,26,144,21,18,20,25,24,16,18,16,17,23,16,21,20,20,14,22,20,22,22,18,16,20,20,21,20,16,26,22,5,24,6,20,27,23,20,8,23,8,22,21,22,16,20,22,24,20,26,30,27,34,22,14,16,30,28,22,26,26,32
Farm0013,10,12,18,14,18,1,16,20,17,16,13,16,,19,17,2,18,5,16,16,16,18,18,16,3,18,12,5,2,8,2,17,3,2,5,5,7,16,4,4,16,21,14,14,16,18,3,12,14,4,5,16,14,12,8,4,3,20,20,2,18,6,20,6,4,24,2,4,15,5,6,18,25,23,17,2,4,3,3,17,24,18,4,4,7,8,20,7,14,14,20,22,22,4,22,6,20,24,10,4,21,6,5,8,14,6,20,29,22,21,24,22,4,8,10,8,7,10,4,26,8,20,9,6,30,6,8,8,20,24,21,28,20,22,21,9,26,8,12,6,26,24,24,28,26,20,6,6,8,24,24,20,13,14,131,8,25,7,12,11,23,26,20,24,10,23,8,7,6,22,8,9,8,9,22,22,26,8,8,28,20,12,10,20,30,22,28,14,10,8,24,30,24,26,8,10,24,8,8,14,29,34,19,14,22,12,21,24,17,16,9,32,32,19
Farm0014,8,8,13,10,3,17,12,12,14,2,8,11,19,,14,18,15,20,2,12,14,2,14,10,19,11,10,20,18,22,20,13,18,18,20,22,23,1,20,19,13,17,12,13,3,15,20,11,10,19,22,10,11,12,24,19,22,16,15,20,14,24,15,22,22,20,19,20,14,22,23,15,19,19,14,20,20,20,20,14,8,14,20,20,24,24,16,22,12,10,16,4,20,18,18,22,17,20,26,20,18,22,20,22,12,21,18,24,18,16,20,16,20,22,24,24,23,26,20,22,24,18,25,22,14,22,23,23,16,22,16,22,18,19,18,24,22,24,26,22,10,20,7,12,22,18,20,22,24,20,22,18,28,28,147,24,21,23,28,27,19,22,18,8,26,20,25,24,22,18,24,21,24,24,21,6,22,24,23,12,18,28,26,17,16,16,24,30,26,23,19,12,20,23,23,25,20,24,26,28,24,17,34,30,36,26,17,19,34,32,25,18,16,34
Farm0015,6,6,10,6,12,16,12,15,10,12,5,10,17,14,,17,14,20,12,12,12,12,14,7,18,10,8,20,18,22,18,9,18,18,20,20,20,12,20,18,12,4,12,10,12,14,18,9,10,18,20,10,10,11,24,18,19,14,2,18,13,22,14,22,20,7,18,18,12,20,21,14,20,5,12,18,18,20,20,12,19,13,18,20,22,22,3,22,12,10,15,16,16,20,15,20,18,6,26,18,16,20,20,22,10,19,18,25,18,16,20,16,18,23,23,24,22,25,20,20,22,16,24,21,25,21,23,22,16,20,16,24,17,5,18,24,9,22,26,21,21,20,19,24,20,18,22,20,24,18,20,16,28,28,146,22,8,22,27,25,20,20,18,19,26,18,23,23,21,17,22,21,23,22,20,18,9,21,24,22,18,28,26,16,25,15,10,29,26,21,18,24,19,21,22,24,19,22,24,28,10,28,33,28,36,26,16,20,32,30,25,28,28,34
Farm0016,10,11,18,14,17,1,16,20,18,18,14,16,2,18,17,,20,4,18,16,17,18,18,15,1,17,13,6,1,6,2,16,1,3,2,4,5,16,4,1,18,21,14,15,16,18,2,12,12,1,3,14,16,14,8,1,4,20,19,3,19,8,20,7,4,24,0,2,14,2,4,18,24,24,16,4,2,4,5,16,24,18,2,3,4,6,20,4,14,14,20,22,23,3,22,4,20,25,8,2,22,4,2,4,14,3,20,28,22,22,24,21,4,6,6,6,5,8,2,26,4,20,6,4,30,4,6,6,20,24,19,28,20,22,20,6,26,4,9,4,26,24,24,28,26,18,4,4,6,24,25,20,12,10,130,6,26,6,10,10,23,26,20,24,8,23,7,6,5,22,4,6,8,6,23,22,26,8,5,28,20,10,8,20,31,21,26,12,8,7,23,30,23,28,6,6,24,6,6,10,26,32,16,12,19,10,21,24,15,14,7,30,33,17
Farm0017,9,8,14,12,16,18,14,17,14,14,10,12,18,15,14,20,,21,14,13,14,14,16,13,20,13,10,22,21,24,21,14,20,19,21,22,22,14,22,20,14,18,15,12,14,15,20,10,12,20,22,12,11,12,25,20,22,17,17,22,16,24,18,24,22,21,19,19,14,22,24,16,22,22,14,21,21,22,22,14,20,16,22,21,24,26,16,24,12,12,17,18,20,20,19,24,18,22,27,20,18,24,20,23,12,22,18,26,20,18,22,18,22,25,25,24,24,26,22,22,24,18,27,24,26,24,24,24,18,20,18,25,20,19,19,24,24,24,27,24,24,21,22,24,22,20,24,24,26,20,24,17,30,30,149,24,22,25,29,28,20,24,20,21,26,20,25,24,25,18,24,24,26,25,22,20,24,25,24,26,19,29,26,18,28,18,24,30,28,24,19,28,22,24,24,26,22,25,25,30,26,32,36,31,36,26,19,21,34,32,26,30,29,36
Farm0018,12,12,18,16,19,2,18,22,20,18,15,17,5,20,20,4,21,,19,19,18,19,22,16,6,18,14,0,5,3,5,19,5,5,7,0,2,20,7,5,18,24,18,16,18,18,4,13,14,5,8,18,17,14,4,5,8,22,20,6,20,8,22,2,8,26,4,6,18,6,8,19,24,26,19,6,6,6,8,20,26,20,6,8,10,10,22,9,16,18,22,23,24,7,25,8,22,26,12,6,20,8,6,9,16,7,22,29,22,23,26,24,6,8,10,10,8,12,7,28,8,22,12,9,32,8,9,10,24,27,24,31,22,22,22,10,29,10,12,8,28,25,26,30,27,23,8,8,10,22,27,22,16,16,132,10,26,10,13,12,25,28,23,26,12,26,10,8,8,24,9,10,12,10,25,25,28,8,10,30,22,14,12,22,33,21,29,16,12,11,23,30,24,30,10,11,26,10,10,14,30,35,20,16,24,12,23,24,20,18,12,34,34,20
Farm0019,6,6,12,8,0,16,12,10,12,2,8,10,16,2,12,18,14,19,,11,12,2,14,10,18,11,9,21,18,22,18,12,18,18,18,20,21,2,20,18,12,16,12,10,0,13,18,10,10,19,19,10,9,11,22,18,19,14,14,20,12,22,14,22,20,18,16,18,12,20,20,14,19,18,13,18,18,18,20,12,10,14,20,20,22,23,16,22,12,10,16,6,19,18,18,20,17,19,24,20,16,22,19,21,10,20,16,23,19,16,18,16,20,22,22,22,22,24,18,21,22,17,24,20,14,20,24,22,15,20,16,22,16,17,16,23,22,21,26,21,11,19,9,12,22,18,20,20,24,19,20,18,28,28,147,24,20,22,27,26,18,22,18,9,24,19,24,22,22,16,22,20,24,22,19,9,20,22,22,12,16,28,24,16,17,16,21,30,25,22,18,14,19,22,23,24,20,23,24,28,23,18,32,30,36,24,16,18,32,31,24,17,18,34
Farm0020,4,6,11,7,10,15,12,15,10,10,6,10,16,12,12,16,13,19,11,,10,10,12,10,18,10,7,18,18,20,18,11,17,18,18,18,18,12,19,18,10,16,11,10,10,12,18,8,9,18,20,7,8,8,22,17,18,5,14,18,12,22,14,21,20,17,16,18,10,20,20,13,18,16,11,19,18,18,20,12,18,14,18,18,21,22,14,20,10,8,5,15,17,18,15,20,16,18,24,18,14,19,18,21,10,19,16,23,17,6,9,16,16,21,22,22,20,25,18,21,21,16,22,22,25,20,20,20,6,10,6,12,15,16,16,22,20,22,26,20,20,10,18,22,20,16,20,20,23,18,20,15,28,27,147,22,20,20,26,25,7,12,17,19,25,8,20,22,22,7,22,20,22,22,19,16,19,21,22,22,16,26,24,16,25,15,20,27,24,22,17,24,18,12,22,24,18,22,22,26,22,26,32,28,34,22,16,17,31,29,24,26,26,32
Farm0021,6,4,13,8,12,16,10,14,12,12,8,10,16,14,12,17,14,18,12,10,,12,14,10,18,12,9,20,18,21,18,12,18,18,19,20,21,12,19,19,11,16,10,11,11,14,20,9,10,18,21,10,10,10,23,18,20,15,14,19,12,22,15,22,20,19,16,18,12,21,22,14,18,17,12,18,19,19,20,13,20,12,19,20,21,24,14,22,11,11,14,16,18,20,18,20,16,19,24,19,17,20,20,22,11,20,17,24,16,16,20,16,18,22,23,24,22,24,18,21,22,16,24,22,26,22,22,22,14,20,16,22,18,16,17,23,22,21,26,22,21,20,18,22,21,18,22,20,24,18,21,15,28,28,148,23,20,22,27,25,18,20,18,18,24,18,24,22,22,17,22,21,24,23,20,19,20,22,24,23,16,28,26,16,26,16,22,28,26,22,18,23,20,23,22,24,19,22,24,27,23,28,33,29,36,22,18,18,33,30,25,28,26,34
Farm0022,6,5,12,8,2,16,10,10,11,2,7,10,18,2,12,18,14,19,2,10,12,,14,10,18,10,8,20,18,22,18,12,18,18,18,20,22,2,21,18,12,16,11,10,2,14,20,9,10,18,20,10,9,10,23,17,20,14,13,19,13,23,16,22,20,19,18,18,12,20,22,15,18,18,12,20,18,19,20,12,10,14,18,19,22,24,16,22,12,11,15,6,18,20,17,21,18,20,26,18,16,22,18,22,12,22,17,24,18,16,20,16,18,24,22,23,22,26,19,21,22,16,22,20,16,22,22,21,15,20,16,22,16,17,16,22,20,21,25,20,11,18,8,12,22,17,22,21,24,18,20,16,28,28,146,23,20,23,27,26,18,21,18,9,25,18,22,22,22,16,24,22,24,24,21,7,20,22,22,12,16,27,26,16,16,16,22,28,26,22,18,13,18,22,23,24,20,22,24,27,22,18,34,30,36,24,16,18,32,30,24,18,16,33
Farm0023,8,7,14,11,14,18,14,17,14,14,10,12,18,14,14,18,16,22,14,12,14,14,,12,21,12,11,22,19,24,21,14,20,20,21,22,23,14,22,20,13,18,15,13,14,15,20,10,12,21,22,12,12,12,25,20,22,17,16,21,14,24,16,23,22,22,19,21,14,22,24,16,21,20,14,22,22,20,22,14,22,15,21,22,24,24,17,22,12,12,16,18,19,20,20,24,19,20,28,21,18,24,22,24,12,22,18,24,22,18,21,18,20,24,26,25,25,26,21,24,25,17,26,22,26,22,24,24,16,22,18,26,19,18,18,24,22,24,29,24,23,20,21,26,24,18,23,24,26,18,22,18,29,30,149,24,21,24,28,28,21,24,20,20,27,20,24,24,24,19,24,22,26,24,22,20,22,24,25,26,19,29,28,18,28,18,24,32,27,24,21,26,20,24,25,26,22,25,27,29,24,30,34,32,38,25,18,20,34,32,26,31,29,36
Farm0024,4,4,8,1,10,14,11,12,9,10,5,8,16,10,7,15,13,16,10,10,10,10,12,,16,1,8,18,16,20,16,10,17,17,17,17,20,10,17,16,10,12,9,8,10,11,18,7,8,16,18,7,8,8,21,16,19,13,10,17,10,21,12,20,18,16,14,16,10,18,19,12,17,16,10,18,17,17,18,10,17,11,16,18,20,22,10,20,9,8,12,14,12,17,12,19,14,16,22,17,14,18,16,18,8,18,16,20,16,14,18,14,18,20,22,20,20,22,17,14,20,14,21,19,24,18,20,20,13,18,14,20,14,12,15,20,16,20,24,20,19,18,18,21,18,15,18,20,22,16,20,14,26,26,146,20,16,19,24,24,17,19,16,18,22,16,21,22,20,15,20,20,22,21,18,16,16,19,21,21,16,25,23,14,25,14,18,27,23,19,16,22,18,20,20,22,16,22,22,24,20,26,32,28,34,22,14,16,30,28,22,26,25,32
Farm0025,12,12,19,14,18,0,17,22,17,18,14,16,3,19,18,1,20,6,18,18,18,18,21,16,,16,14,6,2,8,1,18,2,4,4,6,8,18,5,2,19,22,16,14,18,20,3,14,14,2,4,16,16,13,8,2,6,21,20,6,20,8,21,8,6,25,0,4,16,4,4,18,26,24,18,6,3,6,6,18,24,20,4,3,7,6,22,6,15,16,22,22,23,2,24,4,20,26,8,3,22,4,2,6,16,4,21,30,22,22,26,22,5,7,7,8,6,10,4,26,6,22,8,4,32,6,6,6,20,26,19,28,22,23,21,7,26,6,10,4,27,26,24,30,27,20,4,6,8,24,24,22,12,13,132,7,26,5,11,10,23,27,22,25,8,22,8,6,6,24,6,8,9,8,24,24,28,8,7,30,22,12,8,22,32,22,27,12,9,8,26,29,25,28,7,8,25,8,9,11,30,35,17,13,20,10,22,22,16,13,7,32,34,18
Farm0026,5,5,10,2,12,16,10,14,9,11,6,9,18,11,10,17,13,18,11,10,12,10,12,1,16,,8,20,16,22,18,10,16,16,18,20,19,11,18,17,12,12,11,9,10,11,18,8,8,18,19,10,8,9,22,18,19,14,10,18,12,22,14,22,20,16,16,18,11,18,20,13,18,16,12,18,17,18,20,12,18,12,18,20,21,22,12,22,10,8,14,15,14,18,14,20,15,16,24,18,15,20,18,20,10,18,16,24,17,16,18,15,17,22,22,22,22,24,18,16,21,14,22,20,24,20,22,22,15,18,16,22,16,14,16,22,19,20,24,19,21,16,18,22,20,16,20,21,24,16,20,14,26,27,146,22,17,20,26,25,18,20,16,18,23,18,22,22,21,15,22,20,22,23,18,16,18,21,22,22,16,26,24,14,26,14,18,28,24,21,17,24,18,20,22,23,18,22,24,26,20,27,32,28,35,22,15,17,31,29,24,28,26,32
Farm0027,2,2,10,6,8,12,9,12,8,8,6,7,12,10,8,13,10,14,9,7,9,8,11,8,14,8,,15,14,17,14,10,12,13,14,16,16,10,16,13,9,13,4,2,8,10,14,0,0,14,16,6,6,1,18,14,16,12,12,14,11,18,13,14,16,18,11,14,2,16,16,4,16,16,10,14,14,14,16,10,16,8,14,14,16,18,12,16,3,6,12,12,14,14,14,16,8,16,20,14,14,16,14,17,2,16,9,22,10,14,16,12,14,18,18,19,17,19,14,17,16,12,20,16,22,15,18,17,12,18,13,20,8,13,8,18,18,17,21,16,18,16,16,20,18,8,17,15,19,16,12,12,23,23,143,18,18,17,22,22,15,18,8,16,21,15,17,17,18,14,18,16,19,19,11,14,18,18,18,20,8,22,18,12,24,14,18,24,21,18,14,21,16,19,18,18,16,18,20,22,20,24,28,25,32,19,13,15,27,26,20,25,24,28
Farm0028,14,14,20,16,19,4,20,24,20,19,15,19,5,20,20,6,22,0,21,18,20,20,22,18,6,20,15,,6,4,6,20,8,6,8,2,4,20,8,6,20,24,18,16,20,20,6,14,16,6,8,19,18,16,6,6,8,21,23,6,21,10,23,4,8,28,4,6,18,8,9,20,26,26,20,6,7,6,9,20,28,22,8,8,10,11,22,10,18,18,24,24,26,8,24,9,22,28,13,6,22,10,7,10,17,8,24,31,24,26,28,24,8,12,12,11,10,13,8,30,10,24,12,10,34,9,10,10,24,27,24,32,23,25,23,12,30,10,14,9,29,26,27,32,31,22,8,8,12,23,27,22,16,16,133,12,28,10,14,14,26,29,24,28,14,26,11,10,10,25,11,12,11,11,26,26,28,10,10,31,22,16,13,22,34,22,31,17,12,12,24,33,26,30,10,12,28,12,12,16,30,36,20,18,25,13,24,26,20,18,12,36,35,22
Farm0029,12,12,18,15,18,3,18,21,18,18,14,16,2,18,18,1,21,5,18,18,18,18,19,16,2,16,14,6,,8,2,17,1,4,4,6,7,17,4,2,19,22,16,14,18,19,3,14,16,2,3,16,16,14,10,2,6,21,19,5,18,9,21,8,6,25,0,4,16,4,4,18,26,24,18,5,2,4,6,18,26,19,2,3,7,6,22,5,14,16,22,22,23,2,23,6,21,25,9,2,22,4,2,6,15,4,22,30,22,22,26,22,4,7,7,8,6,8,3,28,6,20,8,6,30,5,6,6,22,27,20,29,22,23,22,8,28,6,10,6,28,25,26,30,26,20,4,6,8,24,25,22,12,12,131,6,26,7,10,10,24,26,22,26,8,24,8,6,6,22,6,7,8,7,24,22,28,9,8,28,21,11,9,22,32,22,27,13,9,8,24,30,26,28,7,8,26,8,8,11,28,34,17,12,21,10,22,24,16,14,8,33,32,17
Farm0030,16,15,22,19,22,7,22,25,23,22,18,20,8,22,22,6,24,3,22,20,21,22,24,20,8,22,17,4,8,,8,22,8,8,10,4,4,22,11,9,20,26,20,19,22,22,10,17,18,8,9,20,20,17,8,8,9,24,24,8,22,14,24,6,10,28,6,9,20,10,11,22,28,26,22,10,9,9,10,22,30,22,10,10,12,14,25,12,18,20,25,26,29,10,28,10,25,28,15,10,23,11,10,12,19,10,25,32,26,26,29,26,8,14,12,13,12,15,10,32,12,25,14,12,35,11,12,12,24,30,26,33,26,27,25,13,32,12,15,12,32,28,30,33,32,24,12,10,14,26,29,24,19,17,136,14,30,12,18,16,30,30,24,30,14,29,13,12,12,28,12,13,14,12,28,28,32,12,14,34,25,16,15,24,36,24,32,19,16,14,26,34,26,32,14,14,30,12,14,18,32,38,22,18,26,14,26,28,22,20,14,38,38,23
Farm0031,13,14,17,14,18,3,18,20,18,18,13,16,2,20,18,2,21,5,18,18,18,18,21,16,1,18,14,6,2,8,,18,2,4,4,4,8,18,4,2,18,23,16,16,18,18,4,12,14,2,4,16,17,13,8,2,6,20,20,6,19,7,22,8,7,25,1,4,16,2,5,18,24,24,18,4,2,6,6,19,26,20,4,4,6,8,20,5,14,16,20,21,24,3,22,4,20,24,9,4,22,6,4,6,16,5,22,30,24,22,25,22,4,8,6,8,6,8,4,26,6,22,9,6,32,6,6,6,20,26,20,29,21,22,20,6,27,6,10,5,28,24,25,29,27,22,6,4,8,24,24,22,12,11,132,8,26,6,10,10,23,28,22,25,10,24,8,6,6,24,6,8,9,6,24,24,27,8,6,29,22,10,10,22,32,22,28,12,10,8,23,30,25,28,8,8,25,6,8,11,29,34,18,14,19,10,22,24,16,14,8,32,34,18
Farm0032,6,6,12,8,12,16,12,15,12,11,8,10,17,13,9,16,14,19,12,11,12,12,14,10,18,10,10,20,17,22,18,,18,18,18,20,20,12,20,18,12,14,12,10,12,14,18,8,10,18,19,10,11,10,23,18,20,14,12,18,14,21,15,22,20,18,18,18,12,20,21,14,20,16,13,20,19,19,20,12,19,12,20,20,21,23,14,24,10,10,15,15,18,19,17,20,18,16,25,19,16,22,20,22,10,19,17,24,18,16,19,16,20,23,23,23,23,24,18,20,22,16,24,21,25,21,22,22,15,21,16,22,17,14,18,22,19,22,26,20,20,20,18,23,20,17,21,22,24,18,21,16,28,27,146,22,19,22,26,26,18,22,18,19,26,18,23,23,22,18,23,22,24,23,21,18,20,22,24,22,17,28,25,16,27,16,20,29,26,23,18,24,18,20,23,23,19,22,24,26,21,28,32,29,36,24,16,16,33,30,24,28,27,32
Farm0033,11,12,18,16,17,2,18,21,18,18,15,16,3,18,18,1,20,5,18,17,18,18,20,17,2,16,12,8,1,8,2,18,,4,4,6,8,18,5,2,18,22,16,15,17,20,2,12,14,1,4,16,16,14,9,2,6,22,19,4,20,8,22,8,7,26,0,3,16,4,6,17,25,24,18,6,3,4,5,18,25,18,2,4,6,7,22,6,16,16,20,22,24,2,22,6,21,26,10,4,22,5,3,7,16,6,20,30,22,22,24,22,4,8,7,7,6,8,4,26,7,22,8,5,30,4,6,6,21,26,20,28,22,23,21,6,26,6,10,4,27,24,25,29,27,20,5,6,8,24,25,22,12,12,130,6,26,8,10,10,24,27,22,25,9,24,7,6,6,23,6,6,8,8,24,24,27,8,8,29,21,11,8,22,32,22,28,12,10,8,24,30,26,28,6,8,25,6,8,11,30,34,17,14,21,12,22,24,17,14,8,32,33,18
Farm0034,12,12,18,15,18,1,18,21,18,18,14,16,2,18,18,3,19,5,18,18,18,18,20,17,4,16,13,6,4,8,4,18,4,,6,6,7,18,7,4,18,22,16,15,18,19,4,13,14,5,8,16,17,13,10,4,2,21,20,1,18,6,20,7,2,24,2,5,16,6,6,18,24,25,18,2,6,0,2,20,24,19,6,6,8,9,22,7,16,16,22,22,24,5,24,7,21,26,12,5,22,7,6,8,16,6,20,30,22,22,24,22,6,10,8,8,8,11,6,28,9,21,9,7,31,7,8,8,21,26,22,28,20,24,22,8,27,9,12,7,27,25,25,28,27,22,8,7,10,24,26,22,14,14,132,9,26,8,14,12,24,28,21,25,10,24,9,9,8,24,8,8,10,10,24,24,28,8,10,30,20,12,10,22,32,22,28,16,10,10,24,30,26,28,8,10,26,8,10,14,30,34,19,15,22,12,23,24,18,16,8,34,32,20
Farm0035,14,14,18,18,18,4,19,22,18,19,15,18,5,20,20,2,21,7,18,18,19,18,21,17,4,18,14,8,4,10,4,18,4,6,,8,9,19,6,3,18,23,18,16,18,20,5,14,16,4,7,16,16,16,12,5,8,24,20,8,20,9,23,10,8,26,4,6,17,6,8,20,26,25,20,8,4,7,8,18,26,20,5,6,8,9,22,8,16,17,22,23,26,6,24,6,21,26,11,1,23,6,4,8,16,6,22,31,24,24,26,24,6,8,8,8,8,10,1,28,8,24,10,7,32,8,7,8,23,28,21,29,20,24,22,8,28,8,11,6,28,26,26,30,28,22,7,6,10,24,26,22,14,14,132,10,27,8,12,11,26,28,22,26,11,25,8,8,8,24,8,10,10,8,24,24,28,9,10,30,23,12,12,23,33,23,29,14,12,10,26,32,26,30,9,10,25,8,10,14,28,34,18,15,22,12,22,24,18,16,10,32,34,20
Farm0036,14,14,18,16,20,5,20,22,20,19,16,17,5,22,20,4,22,0,20,18,20,20,22,17,6,20,16,2,6,4,4,20,6,6,8,,3,20,8,6,20,24,18,18,20,19,8,15,16,6,7,18,18,16,5,6,8,22,22,7,20,10,24,4,8,27,5,6,18,8,9,20,24,26,20,6,7,7,8,20,26,21,8,8,10,12,24,10,17,18,24,24,27,6,26,8,24,26,12,8,21,10,7,9,17,8,22,30,24,25,27,24,8,11,11,12,10,12,10,30,10,24,12,10,34,8,10,10,23,28,25,31,23,25,22,11,29,10,14,9,30,26,27,32,30,24,10,10,12,24,27,22,16,16,134,12,26,10,15,13,26,28,24,28,13,26,10,10,10,26,10,12,12,10,26,26,30,10,11,32,23,16,12,22,34,22,30,16,14,12,24,32,24,30,11,11,27,12,13,14,32,36,20,18,25,13,24,28,20,18,12,36,34,22
Farm0037,15,15,21,18,21,4,20,26,22,20,16,18,7,23,20,5,22,2,21,18,21,22,23,20,8,19,16,4,7,4,8,20,8,7,9,3,,21,8,8,20,25,20,18,22,19,8,16,16,7,9,20,18,16,6,6,9,24,23,8,22,11,24,5,8,28,6,7,19,10,10,20,26,26,21,8,8,8,9,20,26,23,8,8,12,12,24,10,18,20,24,24,26,8,26,10,24,28,14,8,22,11,7,11,18,10,24,30,24,25,28,24,8,12,12,12,12,14,8,30,10,24,13,10,35,10,12,12,24,29,26,32,24,26,24,12,30,10,14,10,30,28,28,32,30,24,11,10,14,24,28,24,16,18,134,12,29,10,16,15,27,30,24,27,14,26,13,12,11,26,11,12,12,12,26,27,30,12,12,32,24,15,14,23,34,22,31,18,14,12,26,32,24,31,12,14,27,12,12,16,32,36,22,18,25,12,25,26,22,19,12,36,36,23
Farm0038,6,7,12,10,2,15,12,10,12,2,7,11,16,1,12,16,14,20,2,12,12,2,14,10,18,11,10,20,17,22,18,12,18,18,19,20,21,,20,18,12,17,10,10,4,13,20,8,10,18,19,10,10,10,22,18,20,15,14,20,14,23,14,22,20,18,18,19,12,20,21,14,18,18,14,19,20,18,22,12,8,12,19,20,22,23,14,22,10,10,16,4,18,20,18,21,17,19,24,19,16,20,20,21,11,20,16,24,18,16,19,16,19,23,23,22,22,24,20,20,22,16,24,21,14,21,22,22,14,20,16,23,16,18,18,23,20,22,25,22,10,20,8,10,22,17,20,21,24,18,22,16,28,28,146,22,21,22,27,26,18,22,18,6,24,18,23,22,22,17,23,21,24,24,20,6,20,22,23,10,18,28,26,16,14,16,21,28,26,22,18,12,19,22,24,24,20,23,24,26,23,17,32,30,35,24,17,18,32,30,25,16,14,34
Farm0039,13,14,20,18,20,5,20,24,20,20,16,18,4,20,20,4,22,7,20,19,19,21,22,17,5,18,16,8,4,11,4,20,5,7,6,8,8,20,,4,20,24,18,16,20,22,4,16,16,4,6,18,18,15,12,4,9,24,22,8,22,10,24,10,8,26,2,6,19,6,8,20,27,26,20,8,4,8,8,20,27,20,5,6,8,8,24,8,16,18,22,24,26,5,25,6,22,26,10,4,24,6,4,8,17,6,23,32,24,24,27,24,7,9,9,8,10,11,6,30,8,25,11,7,33,6,8,8,22,28,22,30,22,26,24,8,30,8,12,6,30,27,28,31,28,22,8,8,10,26,27,23,14,14,132,10,27,8,12,12,26,29,24,26,11,26,9,8,8,26,8,10,10,9,26,26,29,10,9,31,24,12,11,24,34,24,30,15,12,10,26,32,27,30,8,10,26,10,10,14,32,36,19,15,23,12,24,26,18,16,10,34,34,20
Farm0040,12,12,18,15,18,2,18,20,18,17,13,16,4,19,18,1,20,5,18,18,19,18,20,16,2,17,13,6,2,9,2,18,2,4,3,6,8,18,4,,18,22,16,16,18,19,3,12,14,2,3,16,16,14,8,2,6,22,20,6,19,8,22,8,6,26,0,2,17,4,6,18,26,24,18,5,3,6,6,18,26,20,4,4,6,7,20,6,15,16,22,22,25,3,22,6,22,26,10,4,22,6,2,8,16,3,21,30,22,22,26,22,4,7,7,8,6,9,4,26,6,22,8,6,31,5,6,6,21,26,20,30,20,22,20,7,26,6,10,6,26,25,24,28,27,22,6,6,7,24,26,23,12,12,130,7,26,6,10,10,24,26,22,24,8,25,8,6,8,22,5,6,8,7,24,23,27,8,7,30,20,12,9,22,32,22,28,13,10,8,24,31,26,28,8,8,24,7,8,11,29,35,17,14,20,10,22,25,16,14,8,34,34,18
Farm0041,7,6,12,10,11,16,12,12,11,12,8,2,16,13,12,18,14,18,12,10,11,12,13,10,19,12,9,20,19,20,18,12,18,18,18,20,20,12,20,18,,17,12,10,12,4,20,10,10,18,21,10,2,10,22,19,20,14,14,19,6,23,8,22,19,20,17,18,12,20,20,14,10,18,0,20,18,19,18,0,20,2,19,20,22,22,16,22,11,2,15,16,18,18,16,20,16,18,25,20,8,21,18,22,11,20,18,16,18,16,20,4,19,24,23,24,22,25,18,21,22,4,24,20,26,20,21,22,15,20,15,22,16,16,18,23,22,22,26,20,20,20,19,23,10,17,21,20,24,10,20,8,28,28,144,23,20,22,28,27,18,22,18,18,26,18,24,22,22,16,22,20,24,23,20,18,22,22,22,24,17,28,24,8,25,6,22,28,25,21,10,24,12,22,23,24,19,24,24,26,24,28,34,29,36,24,16,18,33,30,23,29,26,34
Farm0042,10,10,14,10,16,20,16,20,14,15,10,14,21,17,4,21,18,24,16,16,16,16,18,12,22,12,13,24,22,26,23,14,22,22,23,24,25,17,24,22,17,,16,15,16,16,22,15,14,22,24,14,14,14,26,22,24,19,6,23,17,26,20,26,23,12,20,21,16,25,26,18,22,2,16,23,24,24,24,16,24,16,23,24,26,26,8,26,14,14,20,20,20,24,20,24,22,3,28,22,19,24,23,26,16,24,21,28,22,20,24,20,24,28,27,28,26,29,22,24,26,20,28,26,29,25,28,25,19,24,20,27,22,2,20,26,14,26,30,25,26,23,23,27,25,20,26,24,28,22,24,20,32,32,150,26,12,26,30,30,24,26,22,24,29,21,26,26,27,22,25,26,28,27,24,22,6,26,26,27,20,30,28,20,30,19,14,32,29,25,23,28,24,26,28,28,23,27,28,30,14,32,36,33,39,28,20,22,35,34,28,32,30,37
Farm0043,5,6,12,8,12,14,12,16,12,12,8,10,14,12,12,14,15,18,12,11,10,11,15,9,16,11,4,18,16,20,16,12,16,16,18,18,20,10,18,16,12,16,,6,12,14,18,3,3,16,18,10,10,4,21,16,18,15,14,18,12,20,14,20,18,19,16,16,7,18,19,9,20,18,12,18,16,18,18,12,19,13,18,16,20,21,14,20,6,10,14,15,18,17,16,19,11,18,24,17,16,18,17,20,6,16,11,24,12,16,20,16,18,20,20,22,18,21,16,20,20,16,22,20,25,20,21,20,14,18,16,22,10,16,11,20,21,20,24,20,20,20,19,22,21,12,18,18,22,18,16,16,26,26,144,21,21,20,25,24,18,22,12,18,23,18,20,21,20,18,20,20,21,21,15,18,22,20,20,23,12,26,22,16,26,15,23,28,24,20,18,24,18,22,21,22,20,20,22,26,22,28,30,26,34,22,16,18,30,28,24,28,27,32
Farm0044,5,6,11,8,10,14,9,14,12,11,7,10,14,13,10,15,12,16,10,10,11,10,13,8,14,9,2,16,14,19,16,10,15,15,16,18,18,10,16,16,10,15,6,,12,13,17,3,3,14,18,10,8,2,20,16,18,14,12,16,12,18,15,18,16,18,14,14,4,17,18,7,18,18,10,16,16,17,16,10,17,12,16,17,19,20,14,19,4,9,14,15,16,16,16,18,10,18,22,16,16,18,16,20,4,17,10,22,10,14,18,15,17,20,20,20,20,19,17,20,18,14,22,18,24,18,18,19,14,18,16,22,11,15,9,20,20,18,22,18,20,17,18,22,20,10,18,18,22,17,14,15,25,26,144,20,18,20,24,24,18,20,10,17,22,18,20,20,20,17,19,18,22,20,13,17,21,20,20,22,10,24,22,16,26,15,21,26,22,20,16,24,17,21,22,20,17,21,20,24,22,26,29,26,32,20,15,16,29,26,21,27,28,30
Farm0045,6,6,12,10,2,16,12,12,12,3,7,10,16,3,12,16,14,18,0,10,11,2,14,10,18,10,8,20,18,22,18,12,17,18,18,20,22,4,20,18,12,16,12,12,,14,18,10,10,19,20,10,10,10,24,18,20,16,13,18,12,22,16,22,20,20,18,18,12,20,21,13,19,18,14,19,18,20,20,12,9,14,20,20,22,22,15,22,11,10,14,6,18,19,17,21,18,19,24,18,18,21,19,22,11,20,18,24,18,16,20,16,19,23,24,24,21,24,18,22,22,16,25,22,14,22,22,22,14,21,17,22,18,17,17,24,22,22,26,21,10,20,10,12,21,16,22,20,24,18,20,16,30,29,148,22,20,22,28,26,19,22,19,9,24,17,24,21,22,16,22,21,24,22,19,7,21,22,22,13,18,26,26,15,15,17,23,30,26,22,18,15,19,22,22,24,19,24,25,28,22,17,32,28,36,24,16,18,32,30,23,18,18,35
Farm0046,8,7,13,10,13,17,13,16,14,13,9,3,18,15,14,18,15,18,13,12,14,14,15,11,20,11,10,20,19,22,18,14,20,19,20,19,19,13,22,19,4,16,14,13,14,,20,10,10,20,21,11,4,11,22,18,21,14,16,22,6,24,8,22,22,20,18,20,12,21,22,16,6,20,5,19,20,20,21,6,20,6,18,20,24,24,16,22,12,2,16,16,18,20,18,21,18,20,26,21,2,22,20,24,12,20,20,10,19,18,20,10,19,24,23,24,22,26,20,22,24,10,25,23,24,21,23,24,16,20,18,23,18,18,19,24,22,22,27,20,22,21,20,24,14,18,22,22,24,5,22,3,30,29,146,24,21,22,28,26,20,23,18,20,26,20,24,24,23,18,24,22,24,22,22,19,22,24,25,24,18,27,26,3,28,2,22,30,26,22,4,24,6,24,24,26,20,24,24,28,24,30,34,30,37,22,16,19,34,31,25,29,28,35
Farm0047,13,14,20,16,18,4,18,22,18,19,15,17,3,20,18,2,20,4,18,18,20,20,20,18,3,18,14,6,3,10,4,18,2,4,5,8,8,20,4,3,20,22,18,17,18,20,,14,14,4,4,16,16,14,10,2,6,21,22,5,18,8,22,8,6,25,2,2,17,4,6,19,26,25,19,6,5,7,6,19,27,20,4,4,8,6,22,6,14,16,22,23,24,4,25,6,22,26,9,2,22,6,2,8,16,4,20,32,23,24,25,22,6,10,7,6,7,10,6,29,8,23,9,6,32,7,6,6,20,24,22,28,22,24,21,6,28,6,10,4,29,26,26,30,29,22,6,5,8,26,26,24,12,12,132,7,26,8,12,10,26,28,24,24,8,26,8,7,7,24,6,8,8,8,24,24,28,8,8,30,22,13,10,22,32,22,28,13,10,10,25,30,26,28,6,9,26,8,9,14,30,34,18,13,21,11,22,25,16,14,10,32,34,19
Farm0048,2,3,9,6,8,11,8,12,8,9,5,8,12,11,9,12,10,13,10,8,9,9,10,7,14,8,0,14,14,17,12,8,12,13,14,15,16,8,16,12,10,15,3,3,10,10,14,,1,12,14,7,8,0,18,15,17,14,11,14,12,16,10,17,16,18,12,14,4,18,18,8,18,16,12,16,15,14,17,10,16,12,17,16,20,18,12,19,4,10,12,12,17,16,16,16,10,18,22,16,15,18,16,18,4,14,11,20,11,13,17,14,16,19,20,18,18,19,16,18,16,12,19,18,22,16,18,19,12,17,13,22,10,17,10,18,20,19,22,18,20,17,16,22,20,7,18,15,21,17,14,14,26,24,141,20,20,20,24,22,16,20,12,16,19,15,18,18,16,14,18,18,22,19,11,18,18,19,20,22,8,24,22,13,24,14,22,23,20,19,16,24,17,19,21,22,16,20,19,25,24,27,27,24,33,18,13,14,28,26,21,26,24,30
Farm0049,4,4,10,8,10,12,10,13,10,9,7,8,14,10,10,12,12,14,10,9,10,10,12,8,14,8,0,16,16,18,14,10,14,14,16,16,16,10,16,14,10,14,3,3,10,10,14,1,,14,16,8,8,0,20,14,16,13,12,15,12,18,13,18,16,17,12,14,2,16,18,6,17,16,10,15,15,15,16,10,16,12,14,16,16,18,13,18,2,8,13,14,15,16,16,17,9,18,20,14,14,16,16,18,2,16,9,21,10,14,18,15,15,18,18,18,18,20,16,19,18,14,20,17,23,16,18,18,13,17,15,20,9,14,9,19,18,18,22,18,18,18,17,20,18,10,16,18,20,16,13,14,23,24,144,20,18,19,23,22,16,18,10,16,20,15,18,18,18,16,18,16,20,20,12,16,20,18,19,21,9,23,22,14,24,14,22,26,22,18,16,22,18,20,20,20,17,19,21,23,22,26,29,24,31,21,14,16,28,26,20,26,24,30
Farm0050,12,12,18,15,19,2,18,20,18,18,14,16,4,19,18,1,20,5,19,18,18,18,21,16,2,18,14,6,2,8,2,18,1,5,4,6,7,18,4,2,18,22,16,14,19,20,4,12,14,,2,16,16,13,8,2,6,22,20,4,20,8,20,8,6,25,1,4,16,2,4,18,25,23,18,6,0,6,6,18,25,20,1,2,4,5,20,4,15,16,22,22,24,3,24,4,21,26,10,4,21,2,2,4,15,2,22,30,22,22,24,22,4,6,6,4,4,6,5,28,6,22,6,4,30,2,4,4,22,26,20,28,22,22,21,4,28,4,7,6,27,25,24,29,26,20,3,5,6,23,25,22,10,10,128,8,26,6,10,8,23,26,22,24,6,25,4,4,4,24,4,6,6,4,25,24,27,8,6,30,20,10,10,23,32,22,28,11,8,5,24,30,25,28,5,8,26,6,6,9,28,34,15,10,18,8,23,24,14,13,6,32,34,16
Farm0051,14,14,20,18,20,4,19,22,20,19,16,18,5,22,20,3,22,8,19,20,21,20,22,18,4,19,16,8,3,9,4,19,4,8,7,7,9,19,6,3,21,24,18,18,20,21,4,14,16,2,,18,18,16,12,4,8,23,22,8,21,10,22,10,8,28,2,6,19,4,4,20,28,26,20,8,4,6,8,20,26,22,4,4,6,6,22,6,18,18,23,23,26,6,26,5,24,26,10,6,24,5,5,6,18,4,23,32,24,24,26,24,6,10,8,6,6,7,7,28,7,25,8,6,32,4,4,6,24,28,22,32,22,26,22,8,30,7,10,8,29,27,28,31,29,23,4,5,8,27,28,24,12,10,130,10,28,8,10,10,26,29,24,27,9,25,8,5,6,24,6,6,8,8,26,26,30,10,7,30,22,14,12,24,34,24,30,12,10,9,26,33,26,31,7,9,27,7,8,10,31,37,16,12,20,10,24,26,16,12,8,34,36,18
Farm0052,5,4,11,6,9,14,11,13,10,10,6,8,16,10,10,14,12,18,10,7,10,10,12,7,16,10,6,19,16,20,16,10,16,16,16,18,20,10,18,16,10,14,10,10,10,11,16,7,8,16,18,,8,7,20,17,18,10,14,17,12,21,14,21,17,17,15,16,10,18,18,12,17,16,10,17,18,18,18,10,17,10,18,20,20,22,13,19,10,8,12,14,16,17,14,19,15,18,23,17,14,19,16,20,10,19,16,22,16,12,14,14,18,22,22,22,20,23,16,20,20,14,22,18,22,20,19,20,12,16,12,19,16,15,16,20,18,20,24,19,20,16,16,22,19,15,18,20,23,16,18,14,26,26,146,22,18,20,25,26,14,16,18,17,24,14,22,22,20,12,20,20,22,20,18,17,18,20,22,21,14,26,23,14,25,15,20,27,23,20,16,22,16,18,22,23,18,21,22,24,20,26,31,26,34,22,14,16,30,28,22,26,24,32
Farm0053,4,4,10,6,10,13,10,13,9,10,6,0,14,11,10,16,11,17,9,8,10,9,12,8,16,8,6,18,16,20,17,11,16,17,16,18,18,10,18,16,2,14,10,8,10,4,16,8,8,16,18,8,,8,21,16,18,14,12,16,2,20,4,20,18,18,15,16,10,18,18,12,9,16,2,16,17,18,17,2,17,4,18,18,22,21,12,20,10,1,12,13,16,18,14,18,16,16,23,16,6,19,16,20,8,18,15,14,16,14,16,6,16,21,20,20,20,22,17,20,20,6,22,19,24,18,20,20,12,18,14,22,16,15,16,22,19,20,24,18,18,18,18,22,10,15,20,19,22,9,19,6,25,26,143,20,18,20,26,24,16,18,16,16,22,16,22,20,20,14,20,20,22,22,18,16,18,20,20,20,16,26,24,6,24,6,20,26,22,19,8,22,9,20,21,22,16,21,22,24,22,26,32,27,35,22,14,16,29,28,22,26,25,32
Farm0054,4,4,10,6,9,12,10,12,10,11,6,8,12,12,11,14,12,14,11,8,10,10,12,8,13,9,1,16,14,17,13,10,14,13,16,16,16,10,15,14,10,14,4,2,10,11,14,0,0,13,16,7,8,,20,14,16,12,12,16,11,18,14,18,16,17,14,14,1,16,17,6,17,17,8,14,15,15,17,10,18,10,16,16,18,18,12,18,3,8,13,16,16,16,16,17,10,18,22,14,14,18,14,19,2,15,8,22,11,13,16,14,16,20,18,19,18,18,14,20,18,14,20,16,23,16,18,16,13,18,14,21,9,15,10,20,19,19,22,16,20,18,18,20,18,8,18,17,20,16,13,14,24,24,143,20,18,18,23,22,15,18,10,16,22,16,19,19,18,16,18,17,20,20,12,16,20,20,18,22,10,22,22,15,25,14,20,24,22,18,17,22,17,21,18,20,18,20,20,24,22,26,30,25,32,20,14,16,28,26,20,26,24,30
Farm0055,18,17,23,19,23,8,24,26,22,23,19,20,8,24,24,8,25,4,22,22,23,23,25,21,8,22,18,6,10,8,8,23,9,10,12,5,6,22,12,8,22,26,21,20,24,22,10,18,20,8,12,20,21,20,,9,10,26,24,10,24,12,26,6,11,30,8,9,22,10,12,24,28,28,22,10,10,10,12,23,30,23,10,12,14,15,26,12,20,22,26,26,28,10,28,12,26,30,16,10,24,11,10,12,20,10,26,34,26,28,30,27,10,14,14,14,14,16,10,32,12,27,15,12,36,12,14,13,26,31,27,35,27,28,27,15,33,14,16,12,33,30,30,34,32,26,12,12,16,26,30,24,19,20,136,14,32,13,18,18,28,34,26,31,16,29,12,12,14,27,12,14,15,14,29,29,32,12,14,36,26,19,16,25,38,26,34,20,16,15,27,34,28,32,14,16,30,13,15,18,34,38,24,20,27,14,26,28,22,20,16,40,38,24
Farm0056,12,12,18,14,18,2,18,21,18,18,14,16,4,19,18,1,20,5,18,17,18,17,20,16,2,18,14,6,2,8,2,18,2,4,5,6,6,18,4,2,19,22,16,16,18,18,2,15,14,2,4,17,16,14,9,,6,21,20,6,19,8,22,8,6,25,0,4,16,4,4,18,24,25,18,6,4,4,6,18,25,18,3,4,5,6,22,6,16,17,21,22,24,4,23,6,22,25,8,3,22,4,2,8,15,4,20,30,22,22,24,22,6,8,8,7,6,8,4,28,6,22,9,6,30,6,6,6,21,26,20,29,22,23,22,6,27,5,9,5,26,25,24,29,26,22,5,5,7,24,25,22,12,12,130,8,26,6,12,10,24,26,22,25,8,23,7,6,6,23,6,7,8,7,24,24,28,8,6,29,20,10,9,22,32,22,28,14,10,8,24,28,25,28,6,8,25,8,8,12,30,34,18,14,20,9,22,24,16,14,9,32,32,18
Farm0057,14,14,20,16,20,4,20,22,20,20,16,18,3,22,19,4,22,8,19,18,20,20,22,19,6,19,16,8,6,9,6,20,6,2,8,8,9,20,9,6,20,24,18,18,20,21,6,17,16,6,8,18,18,16,10,6,,22,22,1,20,8,23,10,3,26,4,6,19,8,8,20,26,26,20,5,8,1,2,20,26,22,6,8,10,12,22,10,17,18,24,25,26,6,25,9,23,26,13,6,24,8,8,10,16,8,22,32,24,24,28,24,7,10,12,11,10,13,8,29,10,24,12,8,33,10,10,10,23,28,24,30,22,25,23,11,29,10,14,8,29,28,28,30,30,24,9,10,12,26,28,24,16,16,136,10,28,10,15,15,26,29,25,26,13,26,12,10,10,25,8,12,12,10,26,26,28,10,11,30,22,15,12,24,33,24,31,17,13,12,26,32,28,30,12,12,26,10,12,14,32,36,22,16,24,14,24,26,20,18,12,36,36,22
Farm0058,10,8,15,12,16,18,15,18,16,15,10,13,20,16,14,20,17,22,14,5,15,14,17,13,21,14,12,21,21,24,20,14,22,21,24,22,24,15,24,22,14,19,15,14,16,14,21,14,13,22,23,10,14,12,26,21,22,,18,22,17,26,18,26,24,22,19,20,15,23,26,17,22,21,16,22,22,22,24,14,22,16,22,23,26,26,17,26,12,13,0,20,20,24,22,23,20,21,28,22,18,24,22,26,14,24,20,28,22,1,3,19,23,25,27,26,25,28,22,24,24,20,28,25,28,24,26,24,0,6,1,8,21,20,20,26,24,25,29,24,24,5,21,26,25,20,24,24,27,22,24,18,32,32,150,26,22,26,30,29,3,6,20,22,26,4,26,26,24,2,25,24,26,26,23,20,23,25,27,26,20,30,28,18,29,19,24,33,28,24,22,26,22,7,25,27,22,26,26,30,26,30,36,33,38,26,20,21,35,32,26,32,31,37
Farm0059,7,8,11,9,14,18,14,16,11,14,8,11,20,15,2,19,17,20,14,14,14,13,16,10,20,10,12,23,19,24,20,12,19,20,20,22,23,14,22,20,14,6,14,12,13,16,22,11,12,20,22,14,12,12,24,20,22,18,,22,15,25,18,24,22,8,20,20,14,21,24,16,20,8,14,22,20,20,22,13,21,15,21,22,24,25,4,24,14,12,18,18,18,20,18,22,20,9,27,20,17,22,20,24,12,22,18,26,20,19,20,19,21,25,26,25,24,28,21,22,24,19,26,24,26,23,24,24,16,22,18,24,20,7,18,24,11,24,27,22,22,22,22,25,23,18,22,22,26,21,24,18,30,30,148,25,10,24,30,28,20,22,20,22,28,20,24,24,24,20,24,23,26,26,23,22,12,24,25,26,20,28,27,17,28,18,12,32,27,24,20,26,22,24,25,26,20,26,26,29,13,30,36,31,38,24,18,20,34,31,27,30,30,36
Farm0060,14,14,20,16,20,2,18,24,19,19,14,16,2,20,18,3,22,6,20,18,19,19,21,17,6,18,14,6,5,8,6,18,4,1,8,7,8,20,8,6,19,23,18,16,18,22,5,14,15,4,8,17,16,16,10,6,1,22,22,,20,6,22,8,0,25,4,4,18,7,8,19,25,25,19,5,6,0,0,20,27,20,6,6,8,10,22,10,16,16,22,23,26,7,22,8,22,27,12,6,24,8,6,9,16,6,22,32,24,22,27,22,6,10,9,10,10,11,8,28,9,23,10,8,32,8,8,9,21,27,23,28,22,24,22,10,28,10,14,8,28,28,26,30,28,22,9,8,11,26,26,24,16,16,135,10,28,9,13,12,26,28,23,26,12,24,10,10,9,24,9,10,10,10,26,25,28,9,10,30,21,14,13,22,34,24,28,16,12,12,25,30,26,28,9,11,26,9,11,14,30,34,20,16,22,14,22,26,18,16,12,35,33,22
Farm0061,6,8,12,9,14,16,12,17,12,14,9,4,18,14,13,19,16,20,12,12,12,13,14,10,20,12,11,21,18,22,19,14,20,18,20,20,22,14,22,19,6,17,12,12,12,6,18,12,12,20,21,12,2,11,24,19,20,17,15,20,,23,8,22,22,20,18,19,12,20,22,15,12,18,5,20,20,20,21,4,19,5,20,21,23,24,16,22,12,2,15,17,20,19,17,23,18,20,26,20,9,22,20,23,12,20,18,18,18,18,20,9,19,24,24,24,23,26,19,22,22,9,25,22,26,20,23,22,16,20,16,24,18,16,17,24,22,22,26,22,22,20,20,24,14,17,22,22,25,12,22,9,29,29,146,24,20,22,28,27,19,22,20,20,26,19,24,22,24,17,23,22,25,24,20,20,22,24,24,24,18,28,26,10,27,8,22,30,26,22,12,26,13,23,24,26,20,23,25,29,24,30,34,30,36,24,18,19,34,32,24,29,28,35
Farm0062,16,16,22,19,22,6,22,26,22,22,18,20,6,24,22,8,24,8,22,22,22,23,24,21,8,22,18,10,9,14,7,21,8,6,9,10,11,23,10,8,23,26,20,18,22,24,8,16,18,8,10,21,20,18,12,8,8,26,25,6,23,,25,12,8,29,8,8,18,10,11,22,29,29,21,7,9,6,8,22,30,23,9,10,12,13,25,12,19,20,24,27,28,10,28,12,24,30,15,9,26,12,10,12,19,10,24,34,26,26,29,26,9,12,13,14,12,15,10,31,12,26,14,12,35,10,12,12,24,30,25,34,25,28,25,14,30,13,16,11,30,28,28,32,31,24,10,10,14,28,29,27,19,19,137,13,31,12,18,16,29,32,26,28,16,28,13,12,13,28,12,12,14,14,28,28,31,12,14,34,26,17,15,25,37,26,32,18,15,14,28,34,28,32,12,16,29,12,14,17,33,38,23,18,26,16,26,28,22,20,14,38,37,24
Farm0063,9,8,16,12,16,20,16,18,16,14,12,5,20,15,14,20,18,22,14,14,15,16,16,12,21,14,13,23,21,24,22,15,22,20,23,24,24,14,24,22,8,20,14,15,16,8,22,10,13,20,22,14,4,14,26,22,23,18,18,22,8,25,,26,24,22,21,20,14,22,24,17,14,20,7,22,21,22,24,7,21,8,23,22,24,26,18,24,14,4,18,19,22,22,20,24,20,22,29,22,12,23,22,26,15,24,21,18,22,20,22,12,22,24,26,26,26,27,22,25,26,10,27,24,28,23,26,24,17,23,18,25,19,20,20,26,24,25,28,24,24,22,22,26,16,20,23,24,26,12,25,10,31,31,148,26,24,26,30,30,22,24,20,22,28,21,27,24,25,20,24,24,28,26,22,22,25,26,26,26,20,30,29,10,30,11,24,32,28,26,12,27,14,26,26,27,22,27,27,30,26,30,36,32,38,26,20,20,36,32,27,31,30,38
Farm0064,16,15,22,19,20,7,22,25,22,22,18,20,6,22,22,7,24,2,22,21,22,22,23,20,8,22,14,4,8,6,8,22,8,7,10,4,5,22,10,8,22,26,20,18,22,22,8,17,18,8,10,21,20,18,6,8,10,26,24,8,22,12,26,,10,29,6,8,20,10,12,22,28,28,22,10,8,10,10,22,29,23,9,11,12,13,25,12,20,20,24,26,28,9,28,12,26,28,15,10,24,12,8,11,19,10,24,32,26,26,28,27,10,13,13,13,13,16,10,32,12,27,13,11,35,11,12,12,25,29,25,32,24,28,24,14,32,12,17,11,31,29,30,33,30,25,10,11,14,26,28,23,17,19,136,13,30,12,17,16,28,31,27,28,15,28,12,13,12,26,12,14,14,14,28,28,31,12,13,33,26,17,16,24,36,23,32,18,16,14,26,34,29,32,12,14,29,13,15,17,33,38,23,20,26,14,26,28,22,20,13,38,38,24
Farm0065,14,14,20,16,20,4,21,22,20,21,16,18,4,22,20,4,22,8,20,20,20,20,22,18,6,20,16,8,6,10,7,20,7,2,8,8,8,20,8,6,19,23,18,16,20,22,6,16,16,6,8,17,18,16,11,6,3,24,22,0,22,8,24,10,,28,4,6,18,8,9,20,28,26,20,4,8,2,2,22,26,22,7,9,10,10,22,10,18,18,22,23,26,6,24,10,22,28,13,8,24,10,8,10,16,8,23,32,25,24,26,24,7,12,12,10,10,13,8,28,9,24,12,8,34,10,10,10,22,29,23,32,22,24,22,11,30,10,15,8,30,26,26,31,30,22,8,9,12,26,28,24,15,16,134,10,28,10,14,14,26,29,24,28,12,26,12,11,10,24,10,10,12,12,26,26,28,10,11,31,24,14,12,24,34,24,30,16,12,12,27,30,28,30,10,12,28,11,12,14,31,35,20,18,25,16,24,24,20,18,12,36,36,22
Farm0066,14,14,17,15,18,24,18,22,18,19,12,16,24,20,7,24,21,26,18,17,19,19,22,16,25,16,18,28,25,28,25,18,26,24,26,27,28,18,26,26,20,12,19,18,20,20,25,18,17,25,28,17,18,17,30,25,26,22,8,25,20,29,22,29,28,,24,26,20,26,28,22,26,13,20,26,26,26,27,19,27,20,26,26,30,30,10,29,18,16,22,23,24,26,22,28,24,15,31,27,24,28,26,28,18,28,24,30,25,23,26,24,26,30,30,30,30,33,26,26,30,22,30,28,32,27,29,28,22,26,24,29,24,12,24,30,6,28,32,28,29,26,26,30,28,24,29,28,31,26,27,23,36,34,153,30,5,29,34,32,26,28,25,26,32,24,29,28,28,24,29,26,32,30,28,26,16,28,30,31,24,33,32,23,33,23,6,36,33,28,25,32,26,30,30,30,27,30,31,33,8,36,40,36,42,31,22,25,39,36,30,35,35,40
Farm0067,11,11,16,14,17,1,17,20,16,18,13,14,2,19,18,0,19,4,16,16,16,18,19,14,0,16,11,4,0,6,1,18,0,2,4,5,6,18,2,0,17,20,16,14,18,18,2,12,12,1,2,15,15,14,8,0,4,19,20,4,18,8,21,6,4,24,,4,15,4,4,18,24,22,16,4,2,3,6,18,24,20,2,3,5,6,20,5,13,15,20,21,24,2,22,4,19,24,7,2,20,6,2,5,15,2,20,28,22,22,24,22,3,6,6,5,5,8,3,26,6,22,7,4,30,2,4,6,19,24,19,28,21,22,21,6,26,4,10,4,28,24,24,28,26,20,4,4,6,22,24,21,12,11,129,6,26,6,9,8,24,26,22,24,8,23,6,5,6,23,5,6,6,6,24,23,25,8,6,28,20,8,8,22,31,21,27,12,8,6,22,30,24,28,6,8,24,6,8,10,28,34,15,11,19,9,22,24,16,12,6,30,31,18
Farm0068,12,12,19,16,18,2,18,21,18,18,14,16,4,20,18,2,19,6,18,18,18,18,21,16,4,18,14,6,4,9,4,18,3,5,6,6,7,19,6,2,18,21,16,14,18,20,2,14,14,4,6,16,16,14,9,4,6,20,20,4,19,8,20,8,6,26,4,,16,6,7,18,26,25,19,5,4,6,6,18,25,19,5,7,8,9,21,6,14,16,20,22,25,4,24,6,21,25,12,4,22,6,4,8,14,7,20,30,22,23,26,22,4,9,10,8,8,12,6,26,8,22,10,7,30,8,8,8,20,26,22,30,21,24,20,9,28,8,12,7,27,26,25,29,26,21,7,7,11,24,24,22,14,14,134,8,26,9,13,12,24,28,22,24,11,23,8,8,8,23,8,8,10,8,24,24,26,8,10,29,22,13,12,20,31,22,28,16,12,10,26,30,25,28,8,12,26,8,10,14,30,33,18,15,22,12,23,24,18,16,10,35,32,20
Farm0069,6,6,12,9,12,14,12,14,12,12,8,10,15,14,12,14,14,18,12,10,12,12,14,10,16,11,2,18,16,20,16,12,16,16,17,18,19,12,19,17,12,16,7,4,12,12,17,4,2,16,19,10,10,1,22,16,19,15,14,18,12,18,14,20,18,20,15,16,,18,18,8,18,18,12,18,16,18,18,12,20,13,17,18,20,21,16,21,6,10,15,17,18,17,17,19,12,19,23,16,16,19,17,20,4,18,10,24,12,16,19,16,17,20,21,21,20,21,18,20,19,16,22,18,26,19,20,20,14,20,16,23,11,18,12,21,22,20,23,18,22,20,20,23,22,12,20,20,22,18,16,16,26,25,146,20,19,20,26,24,18,21,12,19,22,16,22,20,20,18,20,19,22,21,14,20,20,20,22,23,12,26,24,16,26,16,22,26,24,20,18,23,19,22,22,22,20,20,22,24,22,28,31,26,34,22,16,18,30,27,22,29,26,31
Farm0070,14,14,20,18,21,4,20,22,20,20,16,18,5,22,20,2,22,6,20,20,21,20,22,18,4,18,16,8,4,10,2,20,4,6,6,8,10,20,6,4,20,25,18,17,20,21,4,18,16,2,4,18,18,16,10,4,8,23,21,7,20,10,22,10,8,26,4,6,18,,3,20,26,24,19,6,4,6,8,20,26,21,4,0,4,7,22,6,16,17,22,24,26,4,24,5,23,26,11,4,24,4,4,3,16,2,23,30,24,23,26,23,8,9,6,6,6,8,5,30,4,24,6,3,34,1,4,4,22,28,22,29,21,24,22,5,30,4,10,6,30,26,24,32,30,22,4,4,6,26,26,24,12,12,132,9,28,8,10,10,25,28,23,26,6,26,6,5,6,25,2,6,5,4,24,26,27,9,4,30,22,12,10,22,34,24,30,12,10,4,26,32,26,29,4,8,27,4,8,8,30,34,16,12,20,7,24,26,13,14,8,32,36,18
Farm0071,15,14,20,18,21,6,22,25,20,21,18,19,6,23,21,4,24,8,20,20,22,22,24,19,4,20,16,9,4,11,5,21,6,6,8,9,10,21,8,6,20,26,19,18,21,22,6,18,18,4,4,18,18,17,12,4,8,26,24,8,22,11,24,12,9,28,4,7,18,3,,20,28,26,22,8,4,9,9,21,28,22,4,3,6,8,24,8,18,19,24,26,27,6,26,6,24,28,12,6,24,3,7,5,18,2,24,34,24,25,28,26,8,10,9,8,8,10,6,30,4,26,8,5,34,4,6,4,24,29,22,33,24,26,24,4,30,6,12,8,30,28,28,32,30,24,6,6,9,26,28,26,14,12,133,11,30,8,8,11,26,30,26,29,9,27,8,7,8,26,5,6,8,6,26,27,30,12,6,32,25,14,12,26,35,26,30,14,12,8,26,32,28,31,6,9,26,6,8,9,32,38,18,14,20,8,24,26,16,15,8,36,36,20
Farm0072,8,8,14,11,14,14,14,17,13,14,10,12,18,15,14,18,16,19,14,13,14,15,16,12,18,13,4,20,18,22,18,14,17,18,20,20,20,14,20,18,14,18,9,7,13,16,19,8,6,18,20,12,12,6,24,18,20,17,16,19,15,22,17,22,20,22,18,18,8,20,20,,20,21,14,20,18,19,22,14,20,16,18,20,21,23,16,22,7,12,18,18,20,18,18,22,5,21,25,19,18,20,18,22,6,20,4,27,6,18,21,18,18,22,24,22,22,24,18,20,22,18,24,21,27,20,22,22,17,23,18,26,6,19,4,22,23,22,26,20,24,20,20,24,22,4,22,21,24,20,9,19,28,28,146,24,22,23,27,26,20,22,4,20,24,18,23,22,22,20,22,21,22,24,8,20,24,22,22,25,6,28,26,18,28,18,24,29,26,22,21,26,20,24,23,25,21,22,24,28,26,30,34,30,36,24,18,20,32,30,24,30,29,34
Farm0073,12,13,20,16,18,22,19,22,20,18,16,10,25,19,20,24,22,24,19,18,18,18,21,17,26,18,16,26,26,28,24,20,25,24,26,24,26,18,27,26,10,22,20,18,19,6,26,18,17,25,28,17,9,17,28,24,26,22,20,25,12,29,14,28,28,26,24,26,18,26,28,20,,26,12,26,26,26,28,10,26,12,26,27,28,30,22,29,18,8,22,24,26,26,24,28,24,26,32,26,9,28,26,29,18,28,24,6,26,22,26,16,26,30,30,30,29,32,26,28,29,15,31,28,32,26,28,30,22,26,23,30,24,23,24,30,28,28,32,29,28,26,25,30,20,24,28,28,31,11,29,8,34,34,150,30,27,28,34,32,25,28,24,26,32,25,30,30,28,24,30,28,31,30,27,24,28,28,30,30,23,34,31,9,33,8,29,36,32,30,11,32,12,30,30,30,26,29,30,34,30,36,40,36,43,30,23,26,38,36,32,36,35,42
Farm0074,12,12,16,12,18,22,18,22,17,18,13,17,23,19,5,24,22,26,18,16,17,18,20,16,24,16,16,26,24,26,24,16,24,25,25,26,26,18,26,24,18,2,18,18,18,20,25,16,16,23,26,16,16,17,28,25,26,21,8,25,18,29,20,28,26,13,22,25,18,24,26,21,26,,18,24,26,25,26,17,26,18,24,26,28,30,9,28,16,17,22,24,22,26,21,28,24,6,32,25,22,28,26,28,16,26,23,30,23,22,25,22,26,29,29,29,27,32,26,26,28,22,30,27,32,27,28,28,22,26,22,30,22,5,23,30,15,28,32,27,29,26,24,29,28,22,27,26,30,23,26,22,34,32,153,28,14,28,34,32,25,27,24,26,31,24,28,28,28,22,28,28,30,30,26,23,7,28,28,28,22,34,31,23,32,22,16,34,32,28,24,30,24,28,28,30,24,28,30,33,18,35,40,34,42,30,22,25,38,36,30,34,34,40
Farm0075,6,6,12,8,12,16,12,14,14,12,7,1,17,14,12,16,14,19,13,11,12,12,14,10,18,12,10,20,18,22,18,13,18,18,20,20,21,14,20,18,0,16,12,10,14,5,19,12,10,18,20,10,2,8,22,18,20,16,14,19,5,21,7,22,20,20,16,19,12,19,22,14,12,18,,20,18,19,20,1,20,1,20,20,22,22,14,22,10,1,16,16,18,19,18,21,16,18,25,20,8,21,20,21,11,21,18,16,18,16,18,4,20,23,23,23,22,25,19,21,22,4,24,21,24,20,22,22,14,20,16,24,16,18,16,23,20,22,26,20,22,20,19,24,9,17,22,22,24,10,21,8,28,28,145,24,20,22,27,26,20,22,18,18,25,18,22,22,22,16,22,22,23,23,19,18,22,21,23,23,17,27,24,8,26,8,22,30,24,22,11,25,12,22,24,24,20,24,24,26,22,29,33,30,34,24,16,18,32,30,24,27,28,34
Farm0076,14,13,19,16,19,4,18,22,18,18,14,18,2,20,18,4,21,6,18,19,18,20,22,18,6,18,14,6,5,10,4,20,6,2,8,6,8,19,8,5,20,23,18,16,19,19,6,16,15,6,8,17,16,14,10,6,5,22,22,5,20,7,22,10,4,26,4,5,18,6,8,20,26,24,20,,6,5,6,19,26,19,6,6,8,10,22,10,16,18,22,22,24,6,26,6,22,26,12,5,22,8,6,10,17,6,22,31,24,24,26,24,6,10,10,10,8,12,7,28,10,24,12,8,32,8,8,10,22,27,22,30,22,24,22,10,28,10,13,10,28,26,26,29,28,22,8,7,10,26,26,24,14,16,134,10,28,8,14,14,26,28,24,25,12,25,9,9,9,24,9,11,11,10,24,25,28,10,10,30,24,14,12,23,33,23,30,16,12,12,25,30,26,28,11,11,26,9,10,14,30,36,20,16,24,14,24,24,20,17,11,36,33,21
Farm0077,14,13,18,16,19,3,20,22,18,19,16,16,4,20,18,2,21,6,18,18,19,18,22,17,3,17,14,7,2,9,2,19,3,6,4,7,8,20,4,3,18,24,16,16,18,20,5,15,15,0,4,18,17,15,10,4,8,22,20,6,20,9,21,8,8,26,2,4,16,4,4,18,26,26,18,6,,6,7,20,26,20,2,2,5,6,20,6,16,18,22,22,25,4,25,4,22,27,11,4,24,4,4,5,16,4,22,32,23,23,26,23,6,8,6,6,6,8,5,28,6,22,7,4,30,4,6,5,22,28,20,30,22,24,22,5,28,4,8,6,28,26,26,30,27,22,5,4,8,25,26,24,12,12,130,8,27,7,10,9,25,28,22,26,8,26,6,6,4,24,4,6,6,6,25,25,28,9,6,30,22,12,10,24,34,23,28,12,9,7,25,32,26,28,6,6,26,6,6,9,30,35,16,12,20,10,24,24,16,12,8,34,35,18
Farm0078,14,13,19,16,19,3,19,22,20,20,16,17,3,20,20,4,22,6,18,18,19,19,20,17,6,18,14,6,4,9,6,19,4,0,7,7,8,18,8,6,19,24,18,17,20,20,7,14,15,6,6,18,18,15,10,4,1,22,20,0,20,6,22,10,2,26,3,6,18,6,9,19,26,25,19,5,6,,0,20,26,20,6,6,9,10,22,9,16,17,23,22,26,6,24,7,22,27,12,6,22,8,6,9,16,8,22,30,22,23,25,23,6,10,8,10,10,12,7,29,8,23,12,8,32,8,8,10,22,28,24,30,22,22,22,8,27,9,13,8,28,26,26,30,28,22,8,8,10,25,25,22,15,14,134,10,27,10,14,12,24,28,22,26,12,25,10,8,8,25,9,10,11,11,26,24,28,8,9,30,22,15,12,22,32,24,30,16,12,11,24,30,26,30,10,10,26,10,11,14,30,36,20,16,23,14,23,26,18,18,12,36,34,22
Farm0079,14,14,20,18,20,4,18,23,20,20,16,18,3,20,20,5,22,8,20,20,20,20,22,18,6,20,16,9,6,10,6,20,5,2,8,8,9,22,8,6,18,24,18,16,20,21,6,17,16,6,8,18,17,17,12,6,2,24,22,0,21,8,24,10,2,27,6,6,18,8,9,22,28,26,20,6,7,0,,19,28,20,7,8,10,11,23,10,18,18,24,24,26,8,24,9,22,27,13,7,24,8,7,10,18,8,23,33,25,24,27,24,6,12,12,12,10,14,8,28,10,24,12,8,33,9,10,10,24,28,24,31,23,24,23,10,28,10,14,10,30,28,27,32,30,23,10,9,11,27,26,25,16,16,136,10,27,10,15,15,26,30,24,26,13,26,12,10,10,26,10,11,13,10,26,26,28,10,10,32,22,16,13,24,34,25,30,17,13,12,26,33,28,30,12,12,27,10,12,14,30,36,22,18,24,14,24,26,20,18,13,36,35,22
Farm0080,6,5,12,10,12,17,12,14,12,13,7,2,17,14,12,16,14,20,12,12,13,12,14,10,18,12,10,20,18,22,19,12,18,20,18,20,20,12,20,18,0,16,12,10,12,6,19,10,10,18,20,10,2,10,23,18,20,14,13,20,4,22,7,22,22,19,18,18,12,20,21,14,10,17,1,19,20,20,19,,18,1,18,18,22,24,16,22,12,2,15,17,18,18,16,22,18,20,24,19,9,21,20,22,10,20,18,16,18,15,18,4,20,22,24,24,22,26,18,20,21,4,25,20,26,20,22,22,16,20,16,22,17,16,16,23,20,22,26,21,22,20,19,24,9,16,20,23,23,10,20,7,28,28,145,24,22,20,26,26,18,21,18,19,24,18,22,22,22,17,22,22,24,22,20,18,22,22,23,22,18,28,25,8,26,8,22,29,26,22,10,24,12,22,22,24,18,24,24,30,24,27,34,28,36,24,17,18,32,28,24,28,28,33
Farm0081,13,12,19,15,8,24,19,17,20,9,15,17,24,8,19,24,20,26,10,18,20,10,22,17,24,18,16,28,26,30,26,19,25,24,26,26,26,8,27,26,20,24,19,17,9,20,27,16,16,25,26,17,17,18,30,25,26,22,21,27,19,30,21,29,26,27,24,25,20,26,28,20,26,26,20,26,26,26,28,18,,20,26,26,29,30,22,29,18,16,22,11,26,26,24,27,23,26,32,26,22,28,26,28,19,27,24,32,26,24,26,23,26,30,30,30,28,32,26,29,29,23,32,28,6,28,30,29,22,27,23,30,24,24,24,31,28,29,34,28,6,26,4,3,29,24,29,28,30,24,27,24,35,34,153,29,26,28,35,32,26,28,25,15,32,25,30,28,28,24,28,28,32,31,26,2,28,30,30,2,26,34,33,22,8,23,29,36,32,29,25,4,26,30,30,30,27,30,31,34,30,8,40,36,44,31,24,25,38,37,31,13,8,42
Farm0082,7,7,14,10,13,18,12,13,13,13,8,2,18,14,13,18,16,20,14,14,12,14,15,11,20,12,8,22,19,22,20,12,18,19,20,21,23,12,20,20,2,16,13,12,14,6,20,12,12,20,22,10,4,10,23,18,22,16,15,20,5,23,8,23,22,20,20,19,13,21,22,16,12,18,1,19,20,20,20,1,20,,20,20,23,24,16,24,12,4,16,17,20,20,18,21,17,20,26,20,8,22,20,23,12,21,18,16,18,16,20,4,20,24,24,24,23,26,20,22,22,6,25,22,26,22,23,23,16,21,18,25,18,18,18,24,22,24,26,22,22,19,18,25,10,18,22,22,26,11,22,10,29,29,145,24,22,23,28,26,20,22,19,20,26,20,24,24,23,18,22,22,25,24,21,20,21,24,24,24,17,28,26,10,28,10,24,30,26,22,10,26,12,22,24,26,20,24,25,29,24,28,34,30,37,25,16,19,34,30,26,30,29,35
Farm0083,13,13,19,16,20,2,19,22,18,20,16,16,4,20,18,2,22,6,20,18,19,18,21,16,4,18,14,8,2,10,4,20,2,6,5,8,8,19,5,4,19,23,18,16,20,18,4,17,14,1,4,18,18,16,10,3,6,22,21,6,20,9,23,9,7,26,2,5,17,4,4,18,26,24,20,6,2,6,7,18,26,20,,4,4,6,24,6,16,18,22,24,25,4,24,4,22,26,10,4,22,4,4,6,16,3,22,31,22,23,27,24,6,9,6,6,4,8,6,28,5,24,7,4,31,4,4,5,22,26,21,31,22,24,22,6,28,6,10,7,28,26,26,30,28,21,3,4,7,24,27,22,10,12,129,8,27,7,10,10,25,28,24,26,8,25,6,6,4,24,4,7,7,6,24,24,28,10,6,29,22,12,10,24,32,23,28,12,10,6,24,32,26,29,6,6,28,6,7,10,30,34,16,12,18,9,23,26,14,13,7,32,34,17
Farm0084,14,14,20,18,20,4,20,23,20,20,15,18,4,20,20,3,21,8,20,18,20,19,22,18,3,20,14,8,3,10,4,20,4,6,6,8,8,20,6,4,20,24,16,17,20,20,4,16,16,2,4,20,18,16,12,4,8,23,22,6,21,10,22,11,9,26,3,7,18,0,3,20,27,26,20,6,2,6,8,18,26,20,4,,4,7,22,7,18,18,23,22,26,5,25,4,23,28,11,5,23,4,4,4,17,2,22,32,24,24,27,24,7,8,7,8,6,8,6,28,4,24,6,4,33,4,7,4,22,28,22,30,23,25,23,5,29,4,10,8,29,27,28,31,28,22,4,6,8,26,27,24,12,13,132,9,30,8,10,10,28,29,24,27,6,26,7,6,6,24,4,4,6,4,26,26,28,10,5,32,23,13,11,24,34,24,29,13,12,6,27,33,28,31,6,8,28,4,8,9,32,36,17,12,20,8,24,26,14,14,8,34,36,18
Farm0085,15,16,22,20,22,6,22,26,22,21,17,20,7,24,22,4,24,10,22,21,21,22,24,20,7,21,16,10,7,12,6,21,6,8,8,10,12,22,8,6,22,26,20,19,22,24,8,20,16,4,6,20,22,18,14,5,10,26,24,8,23,12,24,12,10,30,5,8,20,4,6,21,28,28,22,8,5,9,10,22,29,23,4,4,,9,25,8,20,18,26,26,28,8,28,6,26,30,12,8,27,6,8,6,18,4,24,34,26,26,28,26,10,12,9,8,8,12,9,31,6,27,8,6,36,4,9,6,25,30,24,34,24,28,25,8,30,3,10,9,32,28,30,33,31,26,8,7,10,28,28,26,15,14,134,10,30,10,12,11,27,32,25,28,6,28,9,8,8,28,6,7,8,8,27,28,31,11,6,32,24,15,12,27,36,26,32,14,13,8,27,34,28,32,8,10,29,6,10,11,34,38,19,15,21,10,25,28,12,16,10,37,36,19
Farm0086,17,16,23,20,24,7,24,25,22,24,18,21,8,24,22,6,26,10,23,22,24,24,24,22,6,22,18,11,6,14,8,23,7,9,9,12,12,23,8,7,22,26,21,20,22,24,6,18,18,5,6,22,21,18,15,6,12,26,25,10,24,13,26,13,10,30,6,9,21,7,8,23,30,30,22,10,6,10,11,24,30,24,6,7,9,,26,8,20,22,25,26,30,8,28,8,26,30,14,8,28,7,7,9,21,7,26,34,28,27,30,28,10,12,10,10,10,14,10,32,10,27,12,8,37,8,8,8,26,31,25,34,26,26,26,10,32,8,14,11,32,30,30,34,32,26,8,8,11,29,29,27,14,16,133,12,31,10,14,13,29,31,27,30,12,29,10,10,9,27,8,9,10,10,29,30,32,14,11,35,26,15,14,27,37,26,33,16,14,10,29,35,30,33,10,10,30,10,12,14,34,40,21,16,24,14,28,31,18,16,10,36,38,21
Farm0087,9,10,14,10,15,19,14,18,13,16,9,12,20,16,3,20,16,22,16,14,14,16,17,10,22,12,12,22,22,25,20,14,22,22,22,24,24,14,24,20,16,8,14,14,15,16,22,12,13,20,22,13,12,12,26,22,22,17,4,22,16,25,18,25,22,10,20,21,16,22,24,16,22,9,14,22,20,22,23,16,22,16,24,22,25,26,,25,14,13,18,18,20,22,18,24,20,10,28,22,19,23,22,24,14,22,20,26,20,19,21,20,22,26,26,27,25,28,22,22,25,20,27,23,28,25,26,25,18,23,19,26,20,8,20,26,12,25,30,24,24,22,22,26,24,20,24,24,28,21,24,18,32,32,150,26,12,24,28,29,20,24,22,22,28,21,26,26,24,20,25,24,26,27,23,22,12,26,26,26,20,30,27,18,30,18,14,32,28,25,22,28,22,26,25,28,23,26,27,28,14,32,36,32,38,26,18,20,35,34,27,32,30,38
Farm0088,16,15,22,19,23,6,22,24,22,22,18,20,7,22,22,4,24,9,22,20,22,22,22,20,6,22,16,10,5,12,5,24,6,7,8,10,10,22,8,6,22,26,20,19,22,22,6,19,18,4,6,19,20,18,12,6,10,26,24,10,22,12,24,12,10,29,5,6,21,6,8,22,29,28,22,10,6,9,10,22,29,24,6,7,8,8,25,,19,20,24,26,29,8,28,7,26,28,14,8,27,6,7,8,20,6,25,34,26,26,28,26,8,12,9,8,7,12,10,32,9,26,10,8,36,6,8,9,25,30,25,32,24,27,25,9,30,8,12,10,31,29,30,32,30,25,6,6,10,28,28,26,14,14,132,12,30,10,12,10,28,31,24,29,11,27,8,8,6,28,8,10,10,8,28,28,32,11,9,34,24,16,12,26,36,26,32,16,12,11,28,35,28,32,9,10,30,9,10,14,33,38,20,15,22,12,26,28,19,16,10,36,38,20
Farm0089,5,6,12,8,11,12,11,14,12,12,8,8,14,12,12,14,12,16,12,10,11,12,12,9,15,10,3,18,14,18,14,10,16,16,16,17,18,10,16,15,11,14,6,4,11,12,14,4,2,15,18,10,10,3,20,16,17,12,14,16,12,19,14,20,18,18,13,14,6,16,18,7,18,16,10,16,16,16,18,12,18,12,16,18,20,20,14,19,,10,14,16,18,16,16,17,11,18,22,15,15,18,16,18,4,17,10,23,12,15,18,16,16,20,20,20,18,20,16,20,18,14,21,18,24,18,19,18,14,19,15,22,10,16,10,20,20,19,22,18,20,18,18,21,20,10,18,18,21,18,14,14,26,24,143,20,19,19,24,22,18,20,10,18,22,18,19,20,20,15,20,18,22,20,14,18,20,18,20,23,10,24,22,14,24,14,22,26,22,19,16,24,16,20,20,20,18,20,20,24,22,26,29,26,34,20,15,16,30,27,21,26,26,32
Farm0090,4,4,10,7,10,14,10,13,10,10,6,1,14,10,10,14,12,18,10,8,11,11,12,8,16,8,6,18,16,20,16,10,16,16,17,18,20,10,18,16,2,14,10,9,10,2,16,10,8,16,18,8,1,8,22,17,18,13,12,16,2,20,4,20,18,16,15,16,10,17,19,12,8,17,1,18,18,17,18,2,16,4,18,18,18,22,13,20,10,,13,14,16,18,15,18,14,18,23,18,6,19,18,20,9,18,14,14,16,14,17,5,18,22,20,22,21,24,16,19,20,6,22,17,22,18,19,19,12,18,14,21,15,14,15,22,19,20,24,18,20,16,16,20,12,15,18,20,22,8,20,6,26,25,144,20,17,20,26,24,17,19,17,16,22,16,21,20,20,14,20,19,22,21,18,15,18,20,20,20,16,26,22,5,24,6,20,28,22,20,7,22,8,20,22,22,16,22,22,24,22,26,31,26,33,24,14,16,30,28,22,26,26,33
Farm0091,10,8,16,12,16,18,15,18,16,14,10,14,20,16,15,20,17,22,16,5,14,15,16,12,22,14,12,24,22,25,20,15,20,22,22,24,24,16,22,22,15,20,14,14,14,16,22,12,13,22,23,12,12,13,26,21,24,0,18,22,15,24,18,24,22,22,20,20,15,22,24,18,22,22,16,22,22,23,24,15,22,16,22,23,26,25,18,24,14,13,,18,21,22,20,24,20,22,28,22,20,24,22,26,14,22,20,28,20,2,4,19,22,25,26,27,24,30,22,24,25,20,26,24,28,24,26,26,0,6,0,8,20,21,20,26,24,24,29,25,24,4,22,26,24,20,24,25,28,20,25,18,32,32,150,26,23,24,31,27,4,6,20,22,28,4,26,25,25,3,25,24,27,26,24,21,23,25,26,25,20,30,28,20,29,18,26,33,28,26,20,28,22,8,25,28,22,26,26,30,25,32,34,32,40,26,20,20,35,33,26,30,30,38
Farm0092,10,10,16,12,4,20,16,14,16,6,11,16,22,4,16,22,18,23,6,15,16,6,18,14,22,15,12,24,22,26,21,15,22,22,23,24,24,4,24,22,16,20,15,15,6,16,23,12,14,22,23,14,13,16,26,22,25,20,18,23,17,27,19,26,23,23,21,22,17,24,26,18,24,24,16,22,22,22,24,17,11,17,24,22,26,26,18,26,16,14,18,,22,23,21,25,21,22,30,23,20,24,22,26,16,24,20,28,23,20,23,20,22,28,28,28,26,30,22,24,26,20,27,26,18,26,26,26,20,24,20,28,22,21,20,28,25,26,29,24,13,24,10,15,24,22,26,26,29,22,26,20,32,32,151,28,24,26,31,30,22,24,23,2,29,23,28,27,26,22,26,25,28,27,23,10,25,26,26,15,22,30,28,20,19,20,26,33,28,26,23,16,23,26,27,27,23,28,29,30,28,20,38,34,41,28,20,22,36,34,29,20,20,38
Farm0093,12,12,16,11,18,22,18,21,16,18,12,16,22,20,16,23,20,24,19,17,18,18,19,12,23,14,14,26,23,29,24,18,24,24,26,27,26,18,26,25,18,20,18,16,18,18,24,17,15,24,26,16,16,16,28,24,26,20,18,26,20,28,22,28,26,24,24,25,18,26,27,20,26,22,18,24,25,26,26,18,26,20,25,26,28,30,20,29,18,16,21,22,,24,21,27,21,22,32,26,21,27,26,28,16,26,23,30,24,22,25,22,25,29,30,30,28,31,26,3,28,22,30,28,31,28,28,28,22,25,24,28,22,22,24,29,24,28,32,26,26,25,26,30,28,23,28,26,30,24,26,22,34,33,154,29,26,28,32,32,24,28,24,26,32,24,29,28,27,23,29,27,30,29,26,25,25,29,30,28,24,33,30,22,31,22,26,35,32,28,24,30,25,27,28,30,25,30,31,32,28,34,38,35,42,30,23,24,38,36,30,34,32,40
Farm0094,13,14,18,16,18,2,20,22,18,19,16,16,4,18,20,3,20,7,18,18,20,20,20,17,2,18,14,8,2,10,3,19,2,5,6,6,8,20,5,3,18,24,17,16,19,20,4,16,16,3,6,17,18,16,10,4,6,24,20,7,19,10,22,9,6,26,2,4,17,4,6,18,26,26,19,6,4,6,8,18,26,20,4,5,8,8,22,8,16,18,22,23,24,,24,6,22,27,9,4,22,6,4,8,16,5,22,30,24,22,26,24,6,9,8,7,8,10,6,28,9,23,9,6,32,6,7,7,23,28,20,30,23,24,22,8,28,6,10,6,28,26,26,30,28,22,6,6,8,26,26,23,14,12,132,8,26,4,12,10,26,28,23,26,10,25,8,6,6,25,6,8,8,8,25,24,28,8,6,30,22,12,10,24,34,23,29,14,10,10,26,30,26,28,8,9,26,9,10,12,30,34,18,14,21,10,23,26,17,16,10,32,34,18
Farm0095,10,12,11,12,16,20,16,20,12,17,10,16,22,18,15,22,19,25,18,15,18,17,20,12,24,14,14,24,23,28,22,17,22,24,24,26,26,18,25,22,16,20,16,16,17,18,25,16,16,24,26,14,14,16,28,23,25,22,18,22,17,28,20,28,24,22,22,24,17,24,26,18,24,21,18,26,25,24,24,16,24,18,24,25,28,28,18,28,16,15,20,21,21,24,,26,21,21,30,24,21,26,24,27,16,24,22,30,23,20,24,20,24,28,29,28,28,31,24,24,28,21,28,26,30,26,28,26,20,26,22,28,22,20,21,27,24,26,31,26,26,25,25,28,26,22,25,26,28,22,26,21,34,33,152,28,24,27,32,30,24,24,23,24,30,22,28,28,26,22,27,25,28,28,25,24,24,27,28,28,21,32,30,21,30,20,25,34,29,26,22,28,24,28,28,28,24,27,29,32,26,32,37,34,42,30,21,22,38,36,30,32,32,38
Farm0096,16,16,22,19,21,5,22,24,20,20,16,19,6,22,20,4,24,8,20,20,20,21,24,19,4,20,16,9,6,10,4,20,6,7,6,8,10,21,6,6,20,24,19,18,21,21,6,16,17,4,5,19,18,17,12,6,9,23,22,8,23,12,24,12,10,28,4,6,19,5,6,22,28,28,21,6,4,7,9,22,27,21,4,4,6,8,24,7,17,18,24,25,27,6,26,,24,28,12,4,26,6,6,6,18,5,24,34,26,26,28,24,8,10,8,8,7,10,6,30,8,24,8,6,34,6,8,8,24,29,24,32,23,26,24,7,30,6,7,8,30,29,28,32,30,23,7,3,4,27,27,24,9,13,128,11,30,9,14,12,26,30,26,27,10,27,4,4,7,25,8,8,10,8,28,28,30,10,8,33,23,14,12,25,36,24,30,11,11,9,26,34,28,32,8,4,28,8,4,12,32,38,13,10,18,10,24,27,18,11,6,35,36,14
Farm0097,10,11,18,14,16,20,17,20,18,17,12,14,20,17,18,20,18,22,17,16,16,18,19,14,20,15,8,22,21,25,20,18,21,21,21,24,24,17,22,22,16,22,11,10,18,18,22,10,9,21,24,15,16,10,26,22,23,20,20,22,18,24,20,26,22,24,19,21,12,23,24,5,24,24,16,22,22,22,22,18,23,17,22,23,26,26,20,26,11,14,20,21,21,22,21,24,,24,28,22,22,24,22,24,10,24,8,28,5,20,24,22,22,26,27,26,25,25,22,22,24,21,28,25,30,24,24,26,20,25,22,27,4,21,4,26,27,26,30,24,26,24,24,28,26,4,24,24,28,22,8,21,30,31,149,26,24,25,30,30,23,26,9,22,26,24,26,24,24,22,26,24,27,26,7,23,26,26,26,28,4,30,27,21,32,20,27,32,28,26,24,30,24,26,26,28,24,26,28,31,28,33,36,32,39,26,20,24,35,34,27,34,32,36
Farm0098,13,14,18,12,18,23,18,22,17,20,13,17,24,20,6,25,22,26,19,18,19,20,20,16,26,16,16,28,25,28,24,16,26,26,26,26,28,19,26,26,18,3,18,18,19,20,26,18,18,26,26,18,16,18,30,25,26,21,9,27,20,30,22,28,28,15,24,25,19,26,28,21,26,6,18,26,27,27,27,20,26,20,26,28,30,30,10,28,18,18,22,22,22,27,21,28,24,,32,26,23,28,26,30,18,26,24,31,26,24,26,24,26,31,30,30,28,32,26,26,28,23,31,28,32,28,30,30,22,26,22,30,24,6,24,30,16,29,32,28,27,26,26,30,28,24,29,28,31,24,28,23,36,36,154,30,16,28,34,33,26,28,25,26,32,26,30,29,30,24,28,27,30,30,28,26,10,28,30,30,24,34,32,24,33,24,18,35,32,29,26,32,26,28,30,32,26,30,30,34,18,35,40,36,42,32,22,24,39,37,30,35,34,40
Farm0099,19,20,26,23,24,10,25,28,24,25,21,22,10,26,26,8,27,12,24,24,24,26,28,22,8,24,20,13,9,15,9,25,10,12,11,12,14,24,10,10,25,28,24,22,24,26,9,22,20,10,10,23,23,22,16,8,13,28,27,12,26,15,29,15,13,31,7,12,23,11,12,25,32,32,25,12,11,12,13,24,32,26,10,11,12,14,28,14,22,23,28,30,32,9,30,12,28,32,,11,28,12,10,12,22,10,28,36,30,28,32,30,12,12,15,15,12,16,11,33,14,30,14,12,38,12,12,12,28,33,28,36,28,30,28,13,33,14,16,10,34,32,32,35,34,28,12,12,16,32,32,29,18,18,138,14,32,14,18,17,31,33,29,32,18,32,14,12,13,30,13,12,16,13,30,31,34,15,15,35,27,17,16,28,39,30,36,21,16,14,32,38,33,34,14,15,32,14,15,18,36,40,23,20,28,16,30,30,23,20,16,38,41,24
Farm0100,12,14,20,16,18,3,19,22,18,19,14,16,4,20,18,2,20,6,20,18,19,18,21,17,3,18,14,6,2,10,4,19,4,5,1,8,8,19,4,4,20,22,17,16,18,21,2,16,14,4,6,17,16,14,10,3,6,22,20,6,20,9,22,10,8,27,2,4,16,4,6,19,26,25,20,5,4,6,7,19,26,20,4,5,8,8,22,8,15,18,22,23,26,4,24,4,22,26,11,,23,4,4,8,17,6,22,32,23,23,26,24,6,8,8,8,6,10,2,28,8,24,8,6,33,6,8,8,22,28,21,29,22,24,22,8,28,8,10,6,28,26,26,30,27,23,7,5,9,25,27,24,13,14,132,8,26,8,11,10,26,28,22,26,10,26,8,6,6,24,8,8,8,8,25,26,28,8,8,30,22,12,10,23,33,22,30,15,10,8,25,31,26,28,8,9,26,7,9,12,30,35,18,13,22,11,24,25,18,16,9,31,34,20
Farm0101,10,10,16,12,16,19,16,20,16,16,12,6,21,18,16,22,18,20,16,14,17,16,18,14,22,15,14,22,22,23,22,16,22,22,23,21,22,16,24,22,8,19,16,16,18,2,22,15,14,21,24,14,6,14,24,22,24,18,17,24,9,26,12,24,24,24,20,22,16,24,24,18,9,22,8,22,24,22,24,9,22,8,22,23,27,28,19,27,15,6,20,20,21,22,21,26,22,23,28,23,,26,23,26,14,24,21,14,23,20,24,11,24,27,28,28,26,29,24,24,26,12,28,25,30,24,26,26,20,24,20,26,21,22,22,26,25,26,30,24,26,23,24,27,18,22,26,24,28,2,25,1,32,33,147,28,24,26,31,30,22,24,22,24,28,22,27,26,26,21,26,24,28,28,24,21,26,26,28,28,20,32,28,0,31,0,26,33,29,26,2,28,4,26,26,28,23,28,28,31,28,32,38,34,40,26,20,22,36,36,28,32,31,38
Farm0102,16,16,22,17,22,4,20,24,22,20,17,18,6,22,20,4,24,8,22,19,20,22,24,18,4,20,16,10,4,11,6,22,5,7,6,10,11,20,6,6,21,24,18,18,21,22,6,18,16,2,5,19,19,18,11,4,8,24,22,8,22,12,23,12,10,28,6,6,19,4,3,20,28,28,21,8,4,8,8,21,28,22,4,4,6,7,23,6,18,19,24,24,27,6,26,6,24,28,12,4,26,,5,1,18,3,24,34,25,25,28,24,8,9,8,8,8,10,8,30,5,24,6,3,34,4,8,4,24,30,22,32,24,26,24,6,30,6,12,8,29,28,28,32,30,24,6,6,9,28,28,26,14,12,133,10,30,9,8,12,27,30,25,28,7,27,8,7,7,26,4,6,8,7,26,26,31,12,5,32,22,13,12,25,34,24,30,13,11,8,26,32,28,32,6,10,27,5,8,10,32,36,18,14,21,10,26,26,15,15,9,35,36,18
Farm0103,13,14,20,16,19,3,19,22,18,19,15,18,5,20,20,2,20,6,19,18,20,18,22,16,2,18,14,7,2,10,4,20,3,6,4,7,7,20,4,2,18,23,17,16,19,20,2,16,16,2,5,16,16,14,10,2,8,22,20,6,20,10,22,8,8,26,2,4,17,4,7,18,26,26,20,6,4,6,7,20,26,20,4,4,8,7,22,7,16,18,22,22,26,4,24,6,22,26,10,4,23,5,,8,16,6,22,32,23,23,26,23,6,8,8,8,6,10,5,28,6,24,9,6,32,5,8,8,22,27,20,30,22,24,22,8,28,8,11,6,28,26,26,30,28,22,6,6,9,24,26,23,13,13,133,8,28,8,11,12,25,28,22,26,10,24,8,8,6,26,8,8,8,8,24,24,28,9,8,30,21,12,10,23,33,22,29,14,10,10,24,31,26,30,8,9,26,8,8,12,30,35,18,14,20,11,23,25,17,15,8,34,34,18
Farm0104,16,16,22,20,22,6,21,25,22,22,19,20,8,22,22,4,23,9,21,21,22,22,24,18,6,20,17,10,6,12,6,22,7,8,8,9,11,21,8,8,22,26,20,20,22,24,8,18,18,4,6,20,20,19,12,8,10,26,24,9,23,12,26,11,10,28,5,8,20,3,5,22,29,28,21,10,5,9,10,22,28,23,6,4,6,9,24,8,18,20,26,26,28,8,27,6,24,30,12,8,26,1,8,,20,4,26,34,26,27,30,25,8,12,8,10,9,11,8,31,5,26,8,5,35,4,9,6,26,30,24,34,26,26,26,8,30,6,12,8,32,30,30,32,30,26,7,6,9,28,29,26,15,14,132,12,30,10,12,12,28,32,26,29,8,28,9,8,8,26,6,8,8,6,28,27,31,12,8,33,26,16,14,26,35,26,32,14,14,8,28,34,29,31,7,10,30,7,10,10,34,38,18,15,22,10,27,28,15,16,10,36,38,20
Farm0105,5,6,12,8,12,13,10,14,12,12,8,8,14,12,10,14,12,16,10,10,11,12,12,8,16,10,2,17,15,19,16,10,16,16,16,17,18,11,17,16,11,16,6,4,11,12,16,4,2,15,18,10,8,2,20,15,16,14,12,16,12,19,15,19,16,18,15,14,4,16,18,6,18,16,11,17,16,16,18,10,19,12,16,17,18,21,14,20,4,9,14,16,16,16,16,18,10,18,22,17,14,18,16,20,,16,10,23,11,14,18,16,16,20,20,20,20,20,17,20,20,15,22,18,24,19,20,19,14,19,16,22,10,16,10,20,20,19,23,18,20,18,18,22,20,10,18,19,20,16,14,16,25,24,143,20,18,19,24,22,16,20,12,17,22,18,20,20,20,18,19,18,20,20,12,16,20,20,20,22,10,24,22,16,24,15,22,26,22,20,16,22,19,20,20,20,18,20,22,24,22,27,29,27,33,20,16,17,28,26,22,26,26,30
Farm0106,14,14,20,16,20,4,20,22,20,20,16,18,6,21,19,3,22,7,20,19,20,22,22,18,4,18,16,8,4,10,5,19,6,6,6,8,10,20,6,3,20,24,16,17,20,20,4,14,16,2,4,19,18,15,10,4,8,24,22,6,20,10,24,10,8,28,2,7,18,2,2,20,28,26,21,6,4,8,8,20,27,21,3,2,4,7,22,6,17,18,22,24,26,5,24,5,24,26,10,6,24,3,6,4,16,,24,33,24,24,26,24,8,10,8,7,6,9,6,30,4,24,6,4,34,3,6,2,24,28,22,31,22,24,24,4,29,4,10,8,29,28,27,31,28,23,5,6,7,26,26,24,12,12,130,8,29,8,7,10,26,29,24,26,7,26,8,6,6,25,4,4,6,6,26,27,30,11,6,32,23,12,11,24,34,24,30,12,11,6,26,31,26,30,6,8,25,4,8,10,32,36,16,14,20,8,22,24,14,14,8,34,36,17
Farm0107,10,12,16,14,17,18,16,20,18,18,12,15,20,18,18,20,18,22,16,16,17,17,18,16,21,16,9,24,22,25,22,17,20,20,22,22,24,16,23,21,18,21,11,10,18,20,20,11,9,22,23,16,15,8,26,20,22,20,18,22,18,24,21,24,23,24,20,20,10,23,24,4,24,23,18,22,22,22,23,18,24,18,22,22,24,26,20,25,10,14,20,20,23,22,22,24,8,24,28,22,21,24,22,26,10,24,,29,10,20,26,20,22,27,26,26,25,27,22,24,26,21,28,24,30,22,25,26,20,24,20,28,10,23,8,26,26,25,30,26,26,24,24,28,26,6,24,24,26,23,12,22,30,31,150,26,24,25,30,28,23,26,0,24,29,22,26,24,26,22,26,24,25,26,12,23,26,26,25,28,10,30,28,22,30,21,26,32,28,25,23,28,24,26,26,27,24,26,26,30,28,33,36,30,39,27,20,24,35,33,26,32,32,37
Farm0108,18,19,25,20,24,28,24,27,24,24,20,14,29,24,25,28,26,29,23,23,24,24,24,20,30,24,22,31,30,32,30,24,30,30,31,30,30,24,32,30,16,28,24,22,24,10,32,20,21,30,32,22,14,22,34,30,32,28,26,32,18,34,18,32,32,30,28,30,24,30,34,27,6,30,16,31,32,30,33,16,32,16,31,32,34,34,26,34,23,14,28,28,30,30,30,34,28,31,36,32,14,34,32,34,23,33,29,,30,28,30,20,31,34,35,35,34,35,32,34,34,20,36,32,38,32,34,34,28,32,28,35,30,30,29,34,34,34,37,32,34,31,31,35,25,30,33,32,36,16,32,14,41,40,156,36,32,34,40,38,30,32,30,32,37,30,36,34,34,30,34,33,36,36,32,30,34,36,36,35,28,40,36,14,38,14,35,42,37,34,16,36,16,34,35,37,30,35,36,38,36,40,45,40,47,34,28,31,45,42,36,40,39,46
Farm0109,12,12,18,14,18,20,18,21,18,18,14,16,22,18,18,22,20,22,19,17,16,18,22,16,22,17,10,24,22,26,24,18,22,22,24,24,24,18,24,22,18,22,12,10,18,19,23,11,10,22,24,16,16,11,26,22,24,22,20,24,18,26,22,26,25,25,22,22,12,24,24,6,26,23,18,24,23,22,25,18,26,18,22,24,26,28,20,26,12,16,20,23,24,24,23,26,5,26,30,23,23,25,23,26,11,24,10,30,,22,24,22,23,28,28,28,26,27,25,25,26,22,28,26,30,25,26,26,22,26,22,30,3,24,4,28,26,26,30,24,26,25,26,28,28,3,26,25,28,24,8,21,32,31,152,28,27,26,32,30,24,27,10,26,29,25,27,26,26,23,26,25,28,26,6,24,28,26,28,29,3,30,27,21,32,22,28,34,28,26,24,30,24,28,27,28,24,26,28,32,28,34,38,32,39,28,22,24,36,34,26,34,33,39
Farm0110,10,10,17,14,16,20,16,18,16,17,12,14,21,16,16,22,18,23,16,6,16,16,18,14,22,16,14,26,22,26,22,16,22,22,24,25,25,16,24,22,16,20,16,14,16,18,24,13,14,22,24,12,14,13,28,22,24,1,19,22,18,26,20,26,24,23,22,23,16,23,25,18,22,22,16,24,23,23,24,15,24,16,23,24,26,27,19,26,15,14,2,20,22,22,20,26,20,24,28,23,20,25,23,27,14,24,20,28,22,,5,20,23,28,26,26,26,29,23,25,26,20,28,26,28,24,26,26,3,6,2,9,21,20,22,26,24,27,30,25,26,3,24,27,26,21,25,25,28,22,25,20,32,32,152,27,24,26,30,30,4,8,22,23,28,2,26,26,26,2,26,25,29,28,24,22,25,25,26,28,21,31,29,22,30,20,26,33,28,25,22,27,23,4,26,28,23,26,28,30,27,32,38,34,40,28,20,22,36,34,28,32,30,38
Farm0111,13,14,18,16,19,23,20,22,20,20,14,16,24,20,20,24,22,26,18,9,20,20,21,18,26,18,16,28,26,29,25,19,24,24,26,27,28,19,27,26,20,24,20,18,20,20,25,17,18,24,26,14,16,16,30,24,28,3,20,27,20,29,22,28,26,26,24,26,19,26,28,21,26,25,18,26,26,25,27,18,26,20,27,27,28,30,21,28,18,17,4,23,25,26,24,28,24,26,32,26,24,28,26,30,18,26,26,30,24,5,,22,26,30,30,30,29,32,26,27,30,22,32,28,31,28,28,28,4,10,5,12,24,24,24,30,30,30,33,28,28,9,26,30,28,24,27,28,31,25,28,23,36,36,154,28,26,29,34,32,8,4,26,27,32,8,30,28,29,6,29,28,31,31,26,24,26,30,30,30,24,35,32,23,34,22,29,36,32,28,26,30,26,10,30,32,26,30,30,34,30,34,38,36,42,31,22,25,39,38,32,36,34,41
Farm0112,10,10,16,14,16,20,16,17,16,16,13,6,22,16,16,21,18,24,16,16,16,16,18,14,22,15,12,24,22,26,22,16,22,22,24,24,24,16,24,22,4,20,16,15,16,10,22,14,15,22,24,14,6,14,27,22,24,19,19,22,9,26,12,27,24,24,22,22,16,23,26,18,16,22,4,24,23,23,24,4,23,4,24,24,26,28,20,26,16,5,19,20,22,24,20,24,22,24,30,24,11,24,23,25,16,24,20,20,22,20,22,,22,27,26,28,26,28,23,26,26,0,28,26,28,22,26,26,19,24,20,28,20,22,21,28,25,25,30,24,26,23,22,26,4,21,25,25,28,14,26,12,33,32,150,26,24,26,32,30,22,26,22,22,29,22,28,25,26,22,26,24,28,26,24,22,25,25,26,27,22,32,30,11,28,12,26,32,30,25,14,28,14,27,27,28,22,28,28,30,28,32,38,32,40,28,22,23,36,34,28,33,30,37
Farm0113,13,12,19,16,20,2,19,22,18,19,15,18,4,20,18,4,22,6,20,16,18,18,20,18,5,17,14,8,4,8,4,20,4,6,6,8,8,19,7,4,19,24,18,17,19,19,6,16,15,4,6,18,16,16,10,6,7,23,21,6,19,9,22,10,7,26,3,4,17,8,8,18,26,26,20,6,6,6,6,20,26,20,6,7,10,10,22,8,16,18,22,22,25,6,24,8,22,26,12,6,24,8,6,8,16,8,22,31,23,23,26,22,,10,10,11,10,12,6,28,9,24,12,8,32,7,8,10,22,26,24,30,22,24,22,10,28,10,12,8,28,26,25,30,28,22,8,9,11,24,26,22,14,15,134,8,28,8,14,13,25,28,24,26,13,26,10,8,10,24,8,10,11,10,25,25,28,4,10,30,22,12,10,23,33,23,28,16,12,11,26,30,26,28,10,12,26,10,11,14,30,34,20,16,23,13,22,24,20,18,11,35,34,21
Farm0114,16,16,22,20,24,6,23,26,24,23,18,22,8,22,23,6,25,8,22,21,22,24,24,20,7,22,18,12,7,14,8,23,8,10,8,11,12,23,9,7,24,28,20,20,23,24,10,19,18,6,10,22,21,20,14,8,10,25,25,10,24,12,24,13,12,30,6,9,20,9,10,22,30,29,23,10,8,10,12,22,30,24,9,8,12,12,26,12,20,22,25,28,29,9,28,10,26,31,12,8,27,9,8,12,20,10,27,34,28,28,30,27,10,,12,12,11,14,10,32,11,26,12,10,35,10,12,10,26,32,25,34,26,28,26,13,32,10,16,8,33,30,31,34,32,26,9,10,12,29,31,27,18,17,136,13,30,10,16,15,30,33,28,31,14,28,12,12,10,28,10,12,14,10,30,29,32,13,12,34,26,16,14,28,38,27,33,18,13,13,29,36,30,32,12,12,30,12,12,16,34,38,22,18,25,15,26,28,20,18,12,37,38,22
Farm0115,18,17,24,20,24,7,22,26,24,24,20,21,10,24,23,6,25,10,22,22,23,22,26,22,7,22,18,12,7,12,6,23,7,8,8,11,12,23,9,7,23,27,20,20,24,23,7,20,18,6,8,22,20,18,14,8,12,27,26,9,24,13,26,13,12,30,6,10,21,6,9,24,30,29,23,10,6,8,12,24,30,24,6,7,9,10,26,9,20,20,26,28,30,8,29,8,27,30,15,8,28,8,8,8,20,8,26,35,28,26,30,26,10,12,,10,10,12,10,32,8,28,10,8,36,8,8,8,26,32,26,34,26,28,26,10,32,8,12,10,32,30,30,33,32,26,8,7,11,28,30,26,14,14,134,12,31,12,14,12,28,32,28,30,12,29,11,9,10,28,8,10,12,10,28,29,32,12,10,34,26,16,14,26,38,28,34,16,14,12,30,36,30,33,10,11,30,10,12,13,34,38,20,16,22,13,28,28,19,18,12,38,38,22
Farm0116,17,16,22,20,23,7,22,26,24,24,19,21,8,24,24,6,24,10,22,22,24,23,25,20,8,22,19,11,8,13,8,23,7,8,8,12,12,22,8,8,24,28,22,20,24,24,6,18,18,4,6,22,20,19,14,7,11,26,25,10,24,14,26,13,10,30,5,8,21,6,8,22,30,29,23,10,6,10,12,24,30,24,6,8,8,10,27,8,20,22,27,28,30,7,28,8,26,30,15,8,28,8,8,10,20,7,26,35,28,26,30,28,11,12,10,,9,8,9,32,10,27,11,9,36,9,8,9,26,30,26,34,26,28,26,9,32,10,14,11,33,30,30,34,32,26,4,8,11,30,30,28,16,15,134,12,32,10,14,4,28,32,27,30,11,30,10,10,1,28,8,10,10,10,28,30,32,13,10,34,26,16,14,27,38,28,33,16,14,12,28,36,30,32,10,12,30,10,10,14,33,38,20,16,22,14,26,28,19,18,10,38,38,22
Farm0117,16,16,22,20,22,6,22,24,22,23,18,20,7,23,22,5,24,8,22,20,22,22,25,20,6,22,17,10,6,12,6,23,6,8,8,10,12,22,10,6,22,26,18,20,21,22,7,18,18,4,6,20,20,18,14,6,10,25,24,10,23,12,26,13,10,30,5,8,20,6,8,22,29,27,22,8,6,10,10,22,28,23,4,6,8,10,25,7,18,21,24,26,28,8,28,7,25,28,12,6,26,8,6,9,20,6,25,34,26,26,29,26,10,11,10,9,,12,8,32,8,26,10,6,35,6,8,8,24,30,24,32,24,27,25,8,30,8,12,9,32,28,28,34,30,26,6,6,10,28,29,26,14,14,134,11,30,10,13,12,28,30,26,28,10,28,10,8,8,27,8,10,10,9,28,29,30,12,9,33,25,15,12,26,37,26,32,14,12,10,28,34,28,33,10,10,28,9,11,14,32,38,19,16,22,11,26,28,18,16,9,36,37,20
Farm0118,19,20,26,22,26,8,24,28,26,24,20,22,10,26,25,8,26,12,24,25,24,26,26,22,10,24,19,13,8,15,8,24,8,11,10,12,14,24,11,9,25,29,21,19,24,26,10,19,20,6,7,23,22,18,16,8,13,28,28,11,26,15,27,16,13,33,8,12,21,8,10,24,32,32,25,12,8,12,14,26,32,26,8,8,12,14,28,12,20,24,30,30,31,10,31,10,25,32,16,10,29,10,10,11,20,9,27,35,27,29,32,28,12,14,12,8,12,,8,35,6,28,8,6,36,10,4,12,28,30,27,36,26,30,26,6,34,4,14,9,35,32,32,36,33,26,7,10,13,28,30,28,13,14,136,12,28,10,16,12,32,34,28,32,14,31,12,8,8,27,6,12,13,12,28,30,34,15,13,38,24,18,13,29,39,26,32,15,12,13,28,34,30,33,8,13,29,12,9,15,36,38,18,18,24,10,26,31,21,15,10,40,40,20
Farm0119,14,12,19,16,18,4,19,24,20,19,15,18,4,20,20,2,22,7,18,18,18,19,21,17,4,18,14,8,3,10,4,18,4,6,1,10,8,20,6,4,18,22,16,17,18,20,6,16,16,5,7,16,17,14,10,4,8,22,21,8,19,10,22,10,8,26,3,6,18,5,6,18,26,26,19,7,5,7,8,18,26,20,6,6,9,10,22,10,16,16,22,22,26,6,24,6,22,26,11,2,24,8,5,8,17,6,22,32,25,23,26,23,6,10,10,9,8,8,,30,8,23,9,6,32,8,9,8,22,27,20,30,22,24,23,9,28,7,12,6,28,26,26,29,28,22,6,8,10,25,28,22,14,14,134,8,27,8,12,12,24,28,24,24,11,26,8,8,8,24,8,9,10,9,26,26,28,9,9,30,22,14,10,24,32,24,29,14,11,10,25,32,26,28,10,10,26,10,10,14,30,34,19,16,22,12,24,26,18,16,10,32,33,19
Farm0120,16,14,18,14,21,25,21,24,19,20,14,18,26,22,20,26,22,28,21,21,21,21,24,14,26,16,17,30,28,32,26,20,26,28,28,30,30,20,30,26,21,24,20,20,22,22,29,18,19,28,28,20,20,20,32,28,29,24,22,28,22,31,25,32,28,26,26,26,20,30,30,20,28,26,21,28,28,29,28,20,29,22,28,28,31,32,22,32,20,19,24,24,3,28,24,30,22,26,33,28,24,30,28,31,20,30,24,34,25,25,27,26,28,32,32,32,32,35,30,,32,26,34,30,34,30,30,32,24,28,25,33,24,24,24,31,28,31,36,31,28,29,28,32,30,24,30,30,32,26,26,26,38,37,155,33,27,30,36,34,27,30,25,28,34,27,32,32,30,25,30,30,33,32,28,28,29,32,32,32,24,36,35,24,34,26,29,38,34,30,26,32,28,30,32,32,28,32,34,37,30,38,42,38,44,32,26,26,40,40,34,36,37,44
Farm0121,16,17,22,20,22,6,22,26,22,22,17,20,8,24,22,4,24,8,22,21,22,22,25,20,6,21,16,10,6,12,6,22,7,9,8,10,10,22,8,6,22,26,20,18,22,24,8,16,18,6,7,20,20,18,12,6,10,24,24,9,22,12,26,12,9,30,6,8,19,4,4,22,29,28,22,10,6,8,10,21,29,22,5,4,6,10,25,9,18,20,25,26,28,9,28,8,24,28,14,8,26,5,6,5,20,4,26,34,26,26,30,26,9,11,8,10,8,6,8,32,,26,2,4,36,6,8,6,24,29,24,33,25,26,25,7,32,6,12,9,30,30,28,34,31,25,7,8,10,28,30,26,13,14,134,10,30,10,12,12,28,31,26,28,10,28,9,8,8,27,6,8,8,8,28,28,30,12,8,32,26,14,12,26,36,26,32,15,14,8,28,34,29,32,8,10,28,9,10,11,32,38,19,15,22,10,26,28,16,16,11,36,38,20
Farm0122,10,8,16,14,16,20,16,17,16,16,12,6,20,18,16,20,18,22,17,16,16,16,17,14,22,14,12,24,20,25,22,16,22,21,24,24,24,16,25,22,4,20,16,14,16,10,23,12,14,22,25,14,6,14,27,22,24,20,19,23,9,26,10,27,24,22,22,22,16,24,26,18,15,22,4,24,22,23,24,4,23,6,24,24,27,27,20,26,14,6,20,20,22,23,21,24,21,23,30,24,12,24,24,26,15,24,21,20,22,20,22,0,24,26,28,27,26,28,23,26,26,,28,24,30,23,26,26,18,24,20,26,21,22,20,28,24,26,30,26,24,23,22,26,6,21,24,25,28,16,25,12,32,32,149,26,24,26,32,30,22,24,22,23,28,22,27,26,26,22,26,25,28,26,24,22,24,26,28,26,21,30,29,12,30,12,26,32,30,26,14,28,15,26,26,28,22,28,28,31,28,32,36,34,40,28,20,22,36,36,28,31,31,38
Farm0123,18,17,24,21,24,8,24,27,24,24,20,20,9,25,24,6,27,12,24,22,24,22,26,21,8,22,20,12,8,14,9,24,8,9,10,12,13,24,11,8,24,28,22,22,25,25,9,19,20,6,8,22,22,20,15,9,12,28,26,10,25,14,27,13,12,30,7,10,22,6,8,24,31,30,24,12,7,12,12,25,32,25,7,6,8,12,27,10,21,22,26,27,30,9,28,8,28,31,14,8,28,6,9,8,22,6,28,36,28,28,32,28,12,12,10,11,10,8,9,34,2,28,,7,37,8,10,8,26,32,26,35,27,28,27,9,34,8,14,11,34,31,32,36,32,27,8,10,12,30,31,27,16,16,134,13,33,12,12,14,30,34,28,31,11,31,10,9,10,30,8,10,10,9,30,31,32,14,8,35,26,17,15,28,38,30,34,18,15,9,30,36,31,33,10,12,31,9,12,12,36,41,21,17,24,12,29,30,18,18,13,38,38,22
Farm0124,16,14,22,18,20,6,22,24,22,20,17,18,6,22,21,4,24,9,20,22,22,20,22,19,4,20,16,10,6,12,6,21,5,7,7,10,10,21,7,6,20,26,20,18,22,23,6,18,17,4,6,18,19,16,12,6,8,25,24,8,22,12,24,11,8,28,4,7,18,3,5,21,28,27,21,8,4,8,8,20,28,22,4,4,6,8,23,8,18,17,24,26,28,6,26,6,25,28,12,6,25,3,6,5,18,4,24,32,26,26,28,26,8,10,8,9,6,6,6,30,4,24,7,,35,4,7,4,24,30,22,32,24,26,23,6,30,6,10,8,30,29,28,32,30,24,6,6,10,28,27,26,14,12,132,10,30,9,10,10,26,30,25,28,8,27,8,7,7,26,0,2,3,2,26,27,30,11,2,32,23,14,11,25,35,26,31,14,12,2,27,34,28,30,3,9,29,2,8,6,32,38,18,15,22,4,25,28,15,16,8,36,36,20
Farm0125,20,20,25,22,15,30,26,24,26,16,22,24,30,14,25,30,26,32,14,25,26,16,26,24,32,24,22,34,30,35,32,25,30,31,32,34,35,14,33,31,26,29,25,24,14,24,32,22,23,30,32,22,24,23,36,30,33,28,26,32,26,35,28,35,34,32,30,30,26,34,34,27,32,32,24,32,30,32,33,26,6,26,31,33,36,37,28,36,24,22,28,18,31,32,30,34,30,32,38,33,30,34,32,35,24,34,30,38,30,28,31,28,32,35,36,36,35,36,32,34,36,30,37,35,,34,36,36,28,34,30,36,30,29,30,36,34,34,39,34,12,32,11,8,34,30,34,33,37,31,35,29,40,41,160,36,32,35,40,38,32,34,31,21,38,30,36,36,35,30,35,33,38,36,33,10,34,34,36,10,29,40,38,30,10,30,36,42,38,35,30,12,32,34,36,37,30,36,38,40,36,12,46,42,50,37,29,30,44,44,36,19,12,46
Farm0126,15,15,22,18,20,6,20,25,20,20,16,18,6,22,21,4,24,8,20,20,22,22,22,18,6,20,15,9,5,11,6,21,4,7,8,8,10,21,6,5,20,25,20,18,22,21,7,16,16,2,4,20,18,16,12,6,10,24,23,8,20,10,23,11,10,27,2,8,19,1,4,20,26,27,20,8,4,8,9,20,28,22,4,4,4,8,25,6,18,18,24,26,28,6,26,6,24,28,12,6,24,4,5,4,19,3,22,32,25,24,28,22,7,10,8,9,6,10,8,30,6,23,8,4,34,,8,5,24,30,24,32,23,25,25,6,30,5,12,8,30,29,28,32,29,23,6,6,9,26,28,24,12,13,132,10,28,8,10,10,28,30,24,28,8,26,8,8,8,27,5,6,6,6,26,28,30,12,6,32,24,14,13,24,34,26,31,13,12,6,26,32,28,31,5,8,28,6,10,10,32,38,18,14,22,8,26,28,14,14,8,36,36,20
Farm0127,16,14,22,18,21,5,22,26,23,22,18,20,8,23,23,6,24,9,24,20,22,22,24,20,6,22,18,10,6,12,6,22,6,8,7,10,12,22,8,6,21,28,21,18,22,23,6,18,18,4,4,19,20,18,14,6,10,26,24,8,23,12,26,12,10,29,4,8,20,4,6,22,28,28,22,8,6,8,10,22,30,23,4,7,9,8,26,8,19,19,26,26,28,7,28,8,24,30,12,8,26,8,8,9,20,6,25,34,26,26,28,26,8,12,8,8,8,4,9,30,8,26,10,7,36,8,,7,25,30,24,34,25,28,26,8,32,8,12,9,30,29,28,33,30,24,8,7,12,28,28,26,14,13,132,10,30,9,13,12,28,32,25,29,12,28,10,8,8,28,8,10,10,8,28,28,30,10,8,32,24,14,13,26,37,26,32,16,14,9,28,34,28,32,9,11,29,8,10,14,34,38,20,14,21,12,26,28,18,16,10,36,36,20
Farm0128,16,16,21,20,22,6,24,26,22,23,18,19,8,23,22,6,24,10,22,20,22,21,24,20,6,22,17,10,6,12,6,22,6,8,8,10,12,22,8,6,22,25,20,19,22,24,6,19,18,4,6,20,20,16,13,6,10,24,24,9,22,12,24,12,10,28,6,8,20,4,4,22,30,28,22,10,5,10,10,22,29,23,5,4,6,8,25,9,18,19,26,26,28,7,26,8,26,30,12,8,26,4,8,6,19,2,26,34,26,26,28,26,10,10,8,9,8,12,8,32,6,26,8,4,36,5,7,,26,30,24,34,26,27,25,6,30,7,12,9,30,28,28,34,31,26,7,6,10,28,29,26,14,14,134,12,31,11,10,12,28,30,26,29,9,28,8,7,8,27,7,8,7,6,26,28,31,12,6,33,26,15,12,26,37,25,32,15,12,8,28,34,30,32,6,8,28,7,10,10,33,38,19,16,22,10,24,26,16,16,11,36,37,22
Farm0129,8,10,14,13,16,20,14,17,14,15,10,13,20,16,16,20,18,24,15,6,14,15,16,13,20,15,12,24,22,24,20,15,21,21,23,23,24,14,22,21,15,19,14,14,14,16,20,12,13,22,24,12,12,13,26,21,23,0,16,21,16,24,17,25,22,22,19,20,14,22,24,17,22,22,14,22,22,22,24,16,22,16,22,22,25,26,18,25,14,12,0,20,22,23,20,24,20,22,28,22,20,24,22,26,14,24,20,28,22,3,4,19,22,26,26,26,24,28,22,24,24,18,26,24,28,24,25,26,,6,0,8,20,20,21,26,22,25,29,24,24,4,22,26,24,20,24,24,26,22,24,20,30,32,151,26,22,25,32,28,4,6,21,22,28,2,26,25,25,2,25,24,26,26,22,20,24,24,26,26,19,30,28,18,28,18,26,32,28,26,22,28,22,7,27,26,23,26,27,30,26,32,36,31,40,26,18,22,34,31,26,30,30,36
Farm0130,14,14,20,18,20,24,20,24,20,21,16,18,24,22,20,24,20,27,20,10,20,20,22,18,26,18,18,27,27,30,26,21,26,26,28,28,29,20,28,26,20,24,18,18,21,20,24,17,17,26,28,16,18,18,31,26,28,6,22,27,20,30,23,29,29,26,24,26,20,28,29,23,26,26,20,27,28,28,28,20,27,21,26,28,30,31,23,30,19,18,6,24,25,28,26,29,25,26,33,28,24,30,27,30,19,28,24,32,26,6,10,24,26,32,32,30,30,30,27,28,29,24,32,30,34,30,30,30,6,,6,13,25,26,25,30,29,30,34,28,30,9,27,30,30,26,28,29,30,25,28,23,36,37,155,31,28,30,34,34,8,11,26,28,34,8,31,30,30,7,29,29,33,30,28,27,30,30,30,30,25,34,32,24,34,23,30,37,32,30,26,32,26,12,30,33,27,32,32,35,32,36,42,36,44,32,24,27,40,38,32,36,36,42
Farm0131,10,10,16,13,16,20,16,18,16,16,12,14,21,16,16,19,18,24,16,6,16,16,18,14,19,16,13,24,20,26,20,16,20,22,21,25,26,16,22,20,15,20,16,16,17,18,22,13,15,20,22,12,14,14,27,20,24,1,18,23,16,25,18,25,23,24,19,22,16,22,22,18,23,22,16,22,20,24,24,16,23,18,21,22,24,25,19,25,15,14,0,20,24,20,22,24,22,22,28,21,20,22,20,24,16,22,20,28,22,2,5,20,24,25,26,26,24,27,20,25,24,20,26,22,30,24,24,24,0,6,,10,20,22,21,25,26,25,28,23,25,6,24,27,24,22,22,22,27,22,24,20,30,31,150,24,24,24,28,28,2,7,22,22,28,4,26,24,24,4,25,24,26,24,24,22,24,26,24,26,20,30,26,20,30,20,26,32,28,24,23,28,24,8,26,26,24,24,26,29,28,32,35,31,38,26,20,22,34,32,26,30,31,36
Farm0132,16,16,22,21,23,26,22,26,22,23,18,20,28,22,24,28,25,31,22,12,22,22,26,20,28,22,20,32,29,33,29,22,28,28,29,31,32,23,30,30,22,27,22,22,22,23,28,22,20,28,32,19,22,21,35,29,30,8,24,28,24,34,25,32,32,29,28,30,23,29,33,26,30,30,24,30,30,30,31,22,30,25,31,30,34,34,26,32,22,21,8,28,28,30,28,32,27,30,36,29,26,32,30,34,22,31,28,35,30,9,12,28,30,34,34,34,32,36,30,33,33,26,35,32,36,32,34,34,8,13,10,,28,28,28,34,31,32,36,32,32,12,30,34,32,28,32,32,34,28,32,28,38,40,158,34,30,34,38,38,12,14,28,30,37,10,34,34,33,11,34,33,36,34,30,29,32,32,34,34,28,38,36,26,38,27,33,40,36,33,28,34,30,14,34,36,30,34,36,38,34,40,43,40,46,34,27,28,42,40,36,38,38,45
Farm0133,11,10,16,14,17,19,18,20,16,17,14,15,20,18,17,20,20,22,16,15,18,16,19,14,22,16,8,23,22,26,21,17,22,20,20,23,24,16,22,20,16,22,10,11,18,18,22,10,9,22,22,16,16,9,27,22,22,21,20,22,18,25,19,24,22,24,21,21,11,21,24,6,24,22,16,22,22,22,23,17,24,18,22,23,24,26,20,24,10,15,20,22,22,23,22,23,4,24,28,22,21,24,22,26,10,22,10,30,3,21,24,20,22,26,26,26,24,26,22,24,25,21,27,24,30,23,25,26,20,25,20,28,,22,2,26,26,26,30,24,26,23,24,29,26,2,24,24,28,22,7,21,30,32,149,26,24,26,30,30,24,27,9,24,26,23,26,26,24,22,25,24,27,26,3,22,27,26,26,28,1,30,25,21,32,20,27,32,28,25,24,30,22,28,26,28,24,26,28,30,29,33,36,32,38,27,21,24,34,33,28,32,32,36
Farm0134,10,11,14,12,17,22,17,20,14,18,12,16,22,19,5,22,19,22,17,16,16,17,18,12,23,14,13,25,23,27,22,14,23,24,24,25,26,18,26,22,16,2,16,15,17,18,24,17,14,22,26,15,15,15,28,23,25,20,7,24,16,28,20,28,24,12,22,24,18,24,26,19,23,5,18,24,24,22,24,16,24,18,24,25,28,26,8,27,16,14,21,21,22,24,20,26,21,6,30,24,22,26,24,26,16,24,23,30,24,20,24,22,24,28,28,28,27,30,24,24,26,22,28,26,29,25,28,27,20,26,22,28,22,,22,28,14,28,31,25,26,24,24,26,26,21,26,26,30,24,26,22,32,33,152,28,12,27,32,32,22,27,23,24,30,22,28,27,28,20,26,26,28,28,24,24,7,28,27,28,22,32,29,20,31,21,14,34,30,26,23,28,24,27,28,29,22,28,29,32,16,33,38,34,40,29,19,20,36,35,28,32,32,38
Farm0135,10,10,18,13,18,18,18,20,16,16,14,16,21,18,18,20,19,22,16,16,17,16,18,15,21,16,8,23,22,25,20,18,21,22,22,22,24,18,24,20,18,20,11,9,17,19,21,10,9,21,22,16,16,10,27,22,23,20,18,22,17,25,20,24,22,24,21,20,12,22,24,4,24,23,16,22,22,22,23,16,24,18,22,23,25,26,20,25,10,15,20,20,24,22,21,24,4,24,28,22,22,24,22,26,10,24,8,29,4,22,24,21,22,26,26,26,25,26,23,24,25,20,27,23,30,25,26,25,21,25,21,28,2,22,,26,26,26,30,23,26,23,24,28,26,0,24,23,26,23,6,22,31,31,150,26,26,24,30,29,24,25,9,24,28,22,25,24,25,22,26,25,27,26,6,22,26,25,26,28,2,30,26,22,30,21,27,33,29,25,23,28,24,27,26,28,24,26,26,30,28,34,36,33,40,27,22,23,34,32,27,32,32,37
Farm0136,16,18,22,20,24,6,24,26,23,24,18,20,9,24,24,6,24,10,23,22,23,22,24,20,7,22,18,12,8,13,6,22,6,8,8,11,12,23,8,7,23,26,20,20,24,24,6,18,19,4,8,20,22,20,15,6,11,26,24,10,24,14,26,14,11,30,6,9,21,5,4,22,30,30,23,10,5,8,10,23,31,24,6,5,8,10,26,9,20,22,26,28,29,8,27,7,26,30,13,8,26,6,8,8,20,4,26,34,28,26,30,28,10,13,10,9,8,6,9,31,7,28,9,6,36,6,8,6,26,30,25,34,26,28,26,,32,7,12,11,31,29,30,34,32,26,8,8,12,29,30,28,16,14,134,12,30,12,8,13,28,32,26,29,12,29,11,8,10,28,7,8,8,8,29,30,32,12,8,34,26,16,14,28,36,27,33,16,14,8,30,36,30,33,8,12,28,8,11,13,34,38,20,16,22,12,24,26,17,17,12,37,38,21
Farm0137,16,16,20,16,22,24,21,24,20,21,15,20,26,22,9,26,24,29,22,20,22,20,22,16,26,19,18,30,28,32,27,19,26,27,28,29,30,20,30,26,22,14,21,20,22,22,28,20,18,28,30,18,19,19,33,27,29,24,11,28,22,30,24,32,30,6,26,28,22,30,30,23,28,15,20,28,28,27,28,20,28,22,28,29,30,32,12,30,20,19,24,25,24,28,24,30,27,16,33,28,25,30,28,30,20,29,26,34,26,24,30,25,28,32,32,32,30,34,28,28,32,24,34,30,34,30,32,30,22,29,26,31,26,14,26,32,,32,35,30,30,28,28,32,30,25,30,30,34,26,31,25,37,38,156,31,6,31,36,36,27,28,27,28,34,27,32,30,30,26,31,30,34,31,29,28,17,31,32,32,27,37,34,26,36,24,8,38,36,30,28,32,28,32,32,33,28,32,34,36,10,36,42,39,46,32,26,26,42,39,32,36,34,42
Farm0138,16,18,22,18,22,6,22,26,23,22,20,20,8,24,22,4,24,10,21,22,21,21,24,20,6,20,17,10,6,12,6,22,6,9,8,10,10,22,8,6,22,26,20,18,22,22,6,19,18,4,7,20,20,19,14,5,10,25,24,10,22,13,25,12,10,28,4,8,20,4,6,22,28,28,22,10,4,9,10,22,29,24,6,4,3,8,25,8,19,20,24,26,28,6,26,6,26,29,14,8,26,6,8,6,19,4,25,34,26,27,30,25,10,10,8,10,8,4,7,31,6,26,8,6,34,5,8,7,25,30,25,32,26,28,26,7,32,,12,9,30,30,28,33,32,25,8,6,10,28,30,26,14,16,133,12,30,10,11,11,28,32,26,30,6,28,10,8,8,26,8,8,8,8,28,27,30,12,7,34,25,16,14,26,35,26,31,14,13,8,28,34,29,32,7,10,28,6,10,11,32,39,20,16,22,10,26,28,12,16,10,36,38,20
Farm0139,21,20,26,23,27,10,26,28,25,26,22,24,12,26,26,9,27,12,26,26,26,25,29,24,10,24,21,14,10,15,10,26,10,12,11,14,14,25,12,10,26,30,24,22,26,27,10,22,22,7,10,24,24,22,16,9,14,29,27,14,26,16,28,17,15,32,10,12,23,10,12,26,32,32,26,13,8,13,14,26,34,26,10,10,10,14,30,12,22,24,29,29,32,10,31,7,30,32,16,10,30,12,11,12,23,10,30,37,30,30,33,30,12,16,12,14,12,14,12,36,12,30,14,10,39,12,12,12,29,34,28,36,30,31,30,12,35,12,,12,36,32,32,37,35,28,11,8,10,32,33,31,14,18,134,16,34,14,17,16,32,34,30,33,14,32,9,8,12,31,11,12,14,13,32,32,34,17,14,38,29,20,16,30,40,31,35,15,18,14,32,38,33,36,12,9,32,13,10,17,38,42,19,15,23,16,30,32,22,16,10,40,41,19
Farm0140,16,15,20,18,20,5,22,24,20,22,16,19,6,22,21,4,24,8,21,20,22,20,24,20,4,19,16,9,6,12,5,20,4,7,6,9,10,22,6,6,20,25,20,18,21,20,4,18,18,6,8,19,18,16,12,5,8,24,22,8,22,11,24,11,8,28,4,7,18,6,8,20,29,27,20,10,6,8,10,21,28,22,7,8,9,11,24,10,18,18,25,24,26,6,26,8,24,28,10,6,24,8,6,8,18,8,26,32,24,25,28,24,8,8,10,11,9,9,6,31,9,26,11,8,34,8,9,9,24,28,23,32,24,25,23,11,30,9,12,,29,28,28,33,30,24,8,8,12,28,28,26,15,14,134,10,28,8,14,13,27,30,24,28,12,27,10,9,9,26,8,9,12,10,28,27,30,11,10,32,24,14,13,24,36,26,30,16,12,10,28,33,28,31,10,12,28,10,12,14,32,36,20,16,22,13,24,28,19,17,10,34,36,22
Farm0141,15,16,20,20,12,26,22,20,21,12,18,20,26,10,21,26,24,28,11,20,21,11,23,19,27,21,18,29,28,32,28,20,27,27,28,30,30,10,30,26,20,26,20,20,10,22,29,20,18,27,29,20,18,20,33,26,29,24,22,28,22,30,24,31,30,29,28,27,22,30,30,24,28,29,22,28,28,28,30,22,6,22,28,29,32,32,24,31,20,20,24,13,26,28,26,30,26,27,34,28,26,29,28,32,20,29,26,34,26,26,28,26,28,33,32,33,32,35,28,28,30,24,34,30,12,30,30,30,24,30,25,32,26,26,26,31,30,30,36,29,,28,6,11,30,26,30,30,32,28,29,25,36,36,156,32,28,32,36,36,27,30,27,16,33,27,32,30,30,26,31,30,34,32,28,5,30,31,30,10,26,37,34,24,14,25,29,38,34,30,26,11,28,32,32,32,29,32,34,36,32,14,42,38,44,33,25,27,42,39,34,16,14,44
Farm0142,12,12,19,17,19,22,18,21,20,20,14,18,24,20,20,24,21,25,19,10,20,18,20,18,26,16,16,26,25,28,24,20,24,25,26,26,28,20,27,25,20,23,20,17,20,21,26,17,18,25,27,16,18,18,30,25,28,5,22,28,20,28,22,29,26,26,24,26,20,26,28,20,26,26,20,26,26,26,28,20,26,19,26,27,28,30,22,29,18,16,4,24,25,26,25,29,24,26,32,26,23,28,26,30,18,28,24,31,25,3,9,23,26,30,30,30,28,32,26,29,30,23,31,29,32,29,29,28,4,9,6,12,23,24,23,29,28,30,32,28,28,,26,30,28,24,28,28,31,25,28,23,36,35,154,30,28,28,34,34,7,10,26,26,32,6,30,30,29,5,30,29,31,30,28,24,28,28,30,30,23,33,32,24,33,24,29,36,33,30,26,31,26,8,30,30,27,29,30,34,30,34,41,36,43,31,23,26,39,37,32,36,34,40
Farm0143,12,13,19,16,8,24,20,18,19,9,15,17,24,7,19,24,22,26,9,18,18,8,21,18,24,18,16,27,26,30,25,18,25,25,26,27,28,8,28,24,19,23,19,18,10,20,26,16,17,24,28,16,18,18,30,24,28,21,22,26,20,28,22,30,26,26,24,25,20,24,28,20,25,24,19,26,26,26,27,19,4,18,26,28,30,30,22,30,18,16,22,10,26,26,25,28,24,26,32,26,24,28,26,30,18,27,24,31,26,24,26,22,25,31,30,30,28,32,26,28,28,22,32,28,11,28,28,28,22,27,24,30,24,24,24,30,28,28,32,28,6,26,,8,26,24,27,28,30,26,28,24,35,34,154,30,26,28,34,34,30,28,25,15,32,26,30,30,29,24,28,28,30,30,28,4,28,30,30,8,24,34,32,22,10,22,30,36,32,30,26,6,26,30,31,30,26,30,30,34,30,14,40,36,43,32,23,24,38,38,31,13,12,40
Farm0144,17,18,23,20,14,26,24,22,22,14,20,20,28,12,24,28,24,30,12,22,22,12,26,21,30,22,20,32,30,33,29,23,29,28,30,32,32,10,31,28,23,27,22,22,12,24,30,22,20,29,31,22,22,20,34,29,30,26,25,30,24,32,26,33,31,30,28,29,23,32,32,24,30,29,24,29,30,30,32,24,3,25,30,31,33,34,26,32,21,20,26,15,30,30,28,32,28,30,35,30,27,32,30,32,22,31,28,35,28,27,30,26,30,34,33,34,34,36,29,32,34,26,36,32,8,32,33,34,26,30,27,34,29,26,28,34,32,33,37,33,11,30,8,,32,28,32,33,34,29,32,28,39,39,158,34,30,34,38,38,29,34,30,18,37,28,35,34,33,28,32,31,35,33,31,7,32,34,34,8,28,39,36,27,10,28,31,40,36,33,30,10,30,33,34,34,30,33,35,38,36,12,44,41,47,36,26,28,42,40,35,16,10,46
Farm0145,14,14,20,18,22,24,22,22,21,20,16,10,26,22,20,26,22,27,22,20,21,22,24,18,27,20,18,31,26,32,27,20,27,27,28,30,30,22,28,27,10,25,21,20,21,14,29,20,18,26,29,19,10,18,32,26,30,25,23,28,14,31,16,30,30,28,26,26,22,30,30,22,20,28,9,28,27,28,30,9,29,10,28,28,31,32,24,30,20,12,24,24,28,28,26,30,26,28,34,27,18,30,28,30,20,28,26,25,28,26,28,4,28,32,32,32,30,33,28,30,31,6,32,30,34,29,30,31,24,30,24,32,26,26,26,32,30,32,35,30,30,28,26,32,,26,30,29,34,19,30,18,37,38,154,32,29,31,36,35,26,30,26,28,34,26,32,32,32,25,30,30,34,32,28,27,30,32,32,32,26,36,34,18,34,18,30,38,34,32,19,34,20,32,32,32,28,34,33,36,32,37,42,38,46,32,26,27,41,40,32,37,36,44
Farm0146,11,11,16,14,16,19,17,21,18,16,13,15,20,18,18,18,20,23,18,16,18,17,18,15,20,16,8,22,20,24,22,17,20,22,22,24,24,17,22,22,17,20,12,10,16,18,22,7,10,20,23,15,15,8,26,22,24,20,18,22,17,24,20,25,22,24,20,21,12,22,24,4,24,22,17,22,22,22,23,16,24,18,21,22,26,26,20,25,10,15,20,22,23,22,22,23,4,24,28,23,22,24,22,26,10,23,6,30,3,21,24,21,22,26,26,26,26,26,22,24,25,21,27,24,30,23,24,26,20,26,22,28,2,21,0,26,25,25,28,24,26,24,24,28,26,,24,24,26,22,6,20,32,31,150,26,26,24,30,28,23,26,10,24,28,24,26,24,25,22,24,24,27,26,4,23,27,25,26,28,2,30,26,20,30,21,28,31,28,25,24,30,24,28,26,26,24,26,26,30,27,34,37,32,40,27,21,24,34,34,28,32,31,38
Farm0147,16,15,21,17,22,4,20,24,20,20,17,19,6,20,22,4,24,8,20,20,22,22,23,18,4,20,17,8,4,12,6,21,5,8,7,10,11,20,8,6,21,26,18,18,22,22,6,18,16,3,4,18,20,18,12,5,9,24,22,9,22,10,23,10,8,29,4,7,20,4,6,22,28,27,22,8,5,8,10,20,29,22,3,4,8,8,24,6,18,18,24,26,28,6,25,7,24,29,12,7,26,6,6,7,18,5,24,33,26,25,27,25,8,9,8,4,6,7,6,30,7,24,8,6,34,6,8,7,24,28,22,32,24,26,24,8,30,8,11,8,30,28,27,32,30,24,,6,10,26,29,25,12,13,133,10,29,10,11,8,26,30,25,28,10,28,8,7,3,26,7,8,10,8,28,26,30,12,8,31,24,14,12,24,36,26,30,14,10,10,26,34,28,30,8,10,28,8,8,11,32,36,19,14,22,12,25,27,17,16,9,35,36,19
Farm0148,15,16,20,17,22,4,20,24,20,21,18,19,6,22,20,4,24,8,20,20,20,21,24,20,6,21,15,8,6,10,4,22,6,7,6,10,10,21,8,6,20,24,18,18,20,22,5,15,18,5,5,20,19,17,12,5,10,24,22,8,22,10,24,11,9,28,4,7,20,4,6,21,28,26,22,7,4,8,9,23,28,22,4,6,7,8,24,6,18,20,25,26,26,6,26,3,24,28,12,5,24,6,6,6,19,6,24,32,25,25,28,25,9,10,7,8,6,10,8,30,8,25,10,6,33,6,7,6,24,29,22,32,24,26,23,8,30,6,8,8,30,28,28,33,29,24,6,,5,28,28,25,8,13,128,10,30,9,12,10,28,30,24,28,10,28,4,3,6,26,6,8,10,8,26,27,30,10,8,32,23,14,12,24,35,25,30,12,12,8,26,33,28,31,8,5,28,8,6,12,32,37,14,10,17,11,26,27,18,12,6,34,36,15
Farm0149,18,18,23,20,24,8,24,28,24,24,20,22,8,24,24,6,26,10,24,23,24,24,26,22,8,24,19,12,8,14,8,24,8,10,10,12,14,24,10,7,24,28,22,22,24,24,8,21,20,6,8,23,22,20,16,7,12,27,26,11,25,14,26,14,12,31,6,11,22,6,9,24,31,30,24,10,8,10,11,23,30,26,7,8,10,11,28,10,21,22,28,29,30,8,28,4,28,31,16,9,28,9,9,9,20,7,26,36,28,28,31,28,11,12,11,11,10,13,10,32,10,28,12,10,37,9,12,10,26,30,27,34,28,30,26,12,34,10,10,12,32,31,30,34,34,26,10,5,,30,31,28,12,16,130,13,32,12,14,14,30,33,28,30,14,30,2,2,10,28,10,12,12,11,30,30,33,14,11,36,27,16,16,28,38,28,34,12,16,12,30,35,32,34,10,4,31,10,4,14,34,40,18,13,20,14,28,30,18,9,4,38,38,17
Farm0150,12,11,19,15,18,23,17,22,18,18,14,8,24,20,18,24,20,22,19,18,18,18,18,16,24,16,16,23,24,26,24,18,24,24,24,24,24,18,26,24,10,22,18,17,18,5,26,17,16,23,27,16,9,16,26,24,26,22,21,26,12,28,12,26,26,26,22,24,18,26,26,20,11,23,10,26,25,25,27,10,24,11,24,26,28,29,21,28,18,8,20,22,24,26,22,27,22,24,32,25,2,28,24,28,16,26,23,16,24,22,25,14,24,29,28,30,28,28,25,26,28,16,30,28,31,26,28,28,22,25,22,28,22,24,23,29,26,28,32,28,28,25,26,29,19,22,26,28,30,,26,1,34,34,150,29,26,28,34,32,24,27,24,24,30,25,29,28,28,22,28,26,30,30,26,24,28,28,29,30,22,34,31,4,32,1,28,35,30,28,4,30,6,27,29,30,26,29,30,33,28,34,40,36,42,28,23,24,38,36,30,34,32,40
Farm0151,15,14,21,18,22,22,20,24,22,21,16,20,24,22,20,25,24,27,20,20,21,20,22,20,24,20,12,27,25,29,24,21,25,26,26,27,28,22,27,26,20,24,16,14,20,22,26,14,13,25,28,18,19,13,30,25,28,24,24,26,22,29,25,28,28,27,24,24,16,26,28,9,29,26,21,26,26,25,26,20,27,22,27,27,28,29,24,28,14,20,25,26,26,26,26,27,8,28,32,27,25,28,26,29,14,26,12,32,8,25,28,26,26,31,30,30,29,30,28,26,30,25,31,27,35,28,28,29,24,28,24,32,7,26,6,30,31,30,33,28,29,28,28,32,30,6,29,28,31,26,,25,34,36,154,30,28,30,34,33,27,30,14,28,32,26,30,29,29,26,30,27,32,30,8,28,30,28,30,32,6,35,29,26,35,24,30,36,32,30,28,33,28,32,28,32,28,30,30,35,32,36,40,37,44,30,24,28,38,36,30,37,36,41
Farm0152,10,10,16,12,16,20,16,18,16,16,12,6,20,18,16,20,17,22,18,15,15,16,18,14,22,14,12,22,22,24,22,16,22,22,22,22,24,16,23,23,8,20,16,15,16,3,24,14,14,22,24,14,6,14,24,22,24,18,18,24,9,27,10,23,24,23,21,22,16,24,26,19,8,22,8,24,24,22,25,7,24,10,22,24,26,27,18,26,14,6,18,20,22,23,21,24,21,23,29,24,1,26,23,26,16,24,22,14,21,20,23,12,22,27,26,28,26,28,22,26,26,12,27,26,29,24,26,26,20,23,20,28,21,22,22,28,25,26,31,26,25,23,24,28,18,20,25,25,28,1,25,,31,32,146,28,24,26,31,30,22,25,22,23,29,23,27,26,26,21,28,24,28,27,24,21,26,26,27,27,21,31,28,0,31,0,26,33,30,26,2,29,2,26,27,29,24,26,28,32,26,32,38,34,40,26,21,21,36,34,28,32,31,38
Farm0153,22,22,28,25,28,12,28,31,28,26,24,26,13,28,28,12,30,16,28,28,28,28,29,26,12,26,23,16,12,19,12,28,12,14,14,16,16,28,14,12,28,32,26,25,30,30,12,26,23,10,12,26,25,24,19,12,16,32,30,16,29,19,31,17,15,36,12,14,26,12,14,28,34,34,28,14,12,15,16,28,35,29,10,12,15,14,32,14,26,26,32,32,34,14,34,9,30,36,18,13,32,14,13,15,25,12,30,41,32,32,36,33,14,18,14,16,14,13,14,38,13,32,16,14,40,12,14,14,30,36,30,38,30,32,31,16,37,14,14,15,36,36,35,39,37,32,12,8,12,34,34,31,,22,132,17,35,16,20,19,34,37,32,34,16,34,10,10,14,34,14,16,15,15,34,34,36,16,15,39,31,20,18,32,42,32,38,2,20,15,34,40,36,38,14,12,35,14,12,19,40,44,8,4,9,19,32,34,25,18,12,41,44,8
Farm0154,22,22,28,25,28,12,28,31,28,28,24,26,14,28,28,10,30,16,28,27,28,28,30,26,13,27,23,16,12,17,11,27,12,14,14,16,18,28,14,12,28,32,26,26,29,29,12,24,24,10,10,26,26,24,20,12,16,32,30,16,29,19,31,19,16,34,11,14,25,12,12,28,34,32,28,16,12,14,16,28,34,29,12,13,14,16,32,14,24,25,32,32,33,12,33,13,31,36,18,14,33,12,13,14,24,12,31,40,31,32,36,32,15,17,14,15,14,14,14,37,14,32,16,12,41,13,13,14,32,37,31,40,32,33,31,14,38,16,18,14,36,35,34,39,38,31,13,13,16,34,36,32,22,,140,17,36,16,20,17,34,37,32,34,18,33,16,14,14,33,14,16,16,15,35,34,38,18,15,38,31,21,19,31,42,32,38,22,20,16,34,41,35,38,16,16,34,14,16,18,40,42,25,20,28,18,32,34,24,22,16,41,42,25
Farm0155,140,140,147,144,146,130,146,150,146,147,142,144,131,147,146,130,149,132,147,147,148,146,149,146,132,146,143,133,131,136,132,146,130,132,132,134,134,146,132,130,144,150,144,144,148,146,132,141,144,128,130,146,143,143,136,130,136,150,148,135,146,137,148,136,134,153,129,134,146,132,133,146,150,153,145,134,130,134,136,145,153,145,129,132,134,133,150,132,143,144,150,151,154,132,152,128,149,154,138,132,147,133,133,132,143,130,150,156,152,152,154,150,134,136,134,134,134,136,134,155,134,149,134,132,160,132,132,134,151,155,150,158,149,152,150,134,156,133,134,134,156,154,154,158,154,150,133,128,130,150,154,146,132,140,,136,154,136,138,138,154,156,152,154,136,154,130,128,134,153,134,134,134,134,154,154,156,136,134,158,150,140,139,146,162,147,157,133,138,135,150,158,150,156,134,130,154,134,130,138,158,163,138,134,141,136,150,153,144,136,130,161,162,138
Farm0156,18,18,22,20,24,8,24,26,22,23,20,21,8,24,22,6,24,10,24,22,23,23,24,20,7,22,18,12,6,14,8,22,6,9,10,12,12,22,10,7,23,26,21,20,22,24,7,20,20,8,10,22,20,20,14,8,10,26,25,10,24,13,26,13,10,30,6,8,20,9,11,24,30,28,24,10,8,10,10,24,29,24,8,9,10,12,26,12,20,20,26,28,29,8,28,11,26,30,14,8,28,10,8,12,20,8,26,36,28,27,28,26,8,13,12,12,11,12,8,33,10,26,13,10,36,10,10,12,26,31,24,34,26,28,26,12,31,12,16,10,32,30,30,34,32,26,10,10,13,29,30,28,17,17,136,,30,11,15,14,28,32,27,30,14,29,12,12,10,28,12,12,13,11,29,30,32,11,12,34,26,4,2,27,36,26,33,18,2,14,30,35,30,34,12,14,30,12,13,16,35,40,22,18,25,16,26,29,21,18,13,38,38,23
Farm0157,14,14,18,17,20,26,20,22,19,19,15,18,25,21,8,26,22,26,20,20,20,20,21,16,26,17,18,28,26,30,26,19,26,26,27,26,29,21,27,26,20,12,21,18,20,21,26,20,18,26,28,18,18,18,32,26,28,22,10,28,20,31,24,30,28,5,26,26,19,28,30,22,27,14,20,28,27,27,27,22,26,22,27,30,30,31,12,30,19,17,23,24,26,26,24,30,24,16,32,26,24,30,28,30,18,29,24,32,27,24,26,24,28,30,31,32,30,28,27,27,30,24,33,30,32,28,30,31,22,28,24,30,24,12,26,30,6,30,34,28,28,28,26,30,29,26,29,30,32,26,28,24,35,36,154,30,,30,35,34,26,30,26,26,32,25,31,30,29,25,30,28,32,30,27,26,18,31,31,30,26,35,34,23,34,24,2,36,32,30,24,32,26,30,30,32,26,32,32,36,4,36,42,38,44,32,24,26,40,38,32,36,35,42
Farm0158,17,17,24,18,21,6,22,24,22,22,18,20,7,23,22,6,25,10,22,20,22,23,24,19,5,20,17,10,7,12,6,22,8,8,8,10,10,22,8,6,22,26,20,20,22,22,8,20,19,6,8,20,20,18,13,6,10,26,24,9,22,12,26,12,10,29,6,9,20,8,8,23,28,28,22,8,7,10,10,20,28,23,7,8,10,10,24,10,19,20,24,26,28,4,27,9,25,28,14,8,26,9,8,10,19,8,25,34,26,26,29,26,8,10,12,10,10,10,8,30,10,26,12,9,35,8,9,11,25,30,24,34,26,27,24,12,31,10,14,8,32,28,28,34,31,24,10,9,12,28,30,26,16,16,136,11,30,,14,13,27,31,26,29,14,28,11,10,10,27,10,11,12,11,28,28,31,12,12,33,24,14,12,26,37,27,32,17,14,12,28,32,29,31,11,12,29,10,12,16,33,38,20,18,24,14,26,28,22,18,12,36,37,22
Farm0159,22,22,26,24,26,11,26,30,28,28,22,25,12,28,27,10,29,13,27,26,27,27,28,24,11,26,22,14,10,18,10,26,10,14,12,15,16,27,12,10,28,30,25,24,28,28,12,24,23,10,10,25,26,23,18,12,15,30,30,13,28,18,30,17,14,34,9,13,26,10,8,27,34,34,27,14,10,14,15,26,35,28,10,10,12,14,28,12,24,26,31,31,32,12,32,14,30,34,18,11,31,8,11,12,24,7,30,40,32,30,34,32,14,16,14,14,13,16,12,36,12,32,12,10,40,10,13,10,32,34,28,38,30,32,30,8,36,11,17,14,36,34,34,38,36,30,11,12,14,34,34,31,20,20,138,15,35,14,,17,32,36,30,34,14,32,14,12,14,32,12,12,12,12,34,34,36,17,12,38,30,21,18,32,41,31,37,20,18,14,34,38,34,37,12,15,32,12,15,16,38,42,24,22,27,15,28,30,21,22,15,42,42,24
Farm0160,18,20,26,22,26,10,26,29,26,27,22,24,11,27,25,10,28,12,26,25,25,26,28,24,10,25,22,14,10,16,10,26,10,12,11,13,15,26,12,10,27,30,24,24,26,26,10,22,22,8,10,26,24,22,18,10,15,29,28,12,27,16,30,16,14,32,8,12,24,10,11,26,32,32,26,14,9,12,15,26,32,26,10,10,11,13,29,10,22,24,27,30,32,10,30,12,30,33,17,10,30,12,12,12,22,10,28,38,30,30,32,30,13,15,12,4,12,12,12,34,12,30,14,10,38,10,12,12,28,34,28,38,30,32,29,13,36,11,16,13,36,34,34,38,35,28,8,10,14,32,33,30,19,17,138,14,34,13,17,,32,36,29,32,16,32,13,12,4,30,13,13,14,12,32,31,34,16,13,38,28,19,16,30,39,30,36,20,17,14,31,38,34,37,14,13,32,13,14,17,38,42,24,18,26,16,30,32,22,21,14,40,41,24
Farm0161,12,12,18,15,18,22,18,21,18,18,14,16,23,19,20,23,20,25,18,7,18,18,21,17,23,18,15,26,24,30,23,18,24,24,26,26,27,18,26,24,18,24,18,18,19,20,26,16,16,23,26,14,16,15,28,24,26,3,20,26,19,29,22,28,26,26,24,24,18,25,26,20,25,25,20,26,25,24,26,18,26,20,25,28,27,29,20,28,18,17,4,22,24,26,24,26,23,26,31,26,22,27,25,28,16,26,23,30,24,4,8,22,25,30,28,28,28,32,24,27,28,22,30,26,32,28,28,28,4,8,2,12,24,22,24,28,27,28,32,27,27,7,30,29,26,23,26,28,30,24,27,22,34,34,154,28,26,27,32,32,,10,25,24,30,6,30,28,28,5,28,27,30,29,26,24,26,28,5,30,25,34,13,26,35,26,32,14,13,28,29,30,26,32,4,10,24,29,10,7,32,34,18,15,42,6,26,28,16,16,10,37,32,40
Farm0162,15,16,22,18,22,24,21,24,20,22,16,18,26,22,20,26,24,28,22,12,20,21,24,19,27,20,18,29,26,30,28,22,27,28,28,28,30,22,29,26,22,26,22,20,22,23,28,20,18,26,29,16,18,18,34,26,29,6,22,28,22,32,24,31,29,28,26,28,21,28,30,22,28,27,22,28,28,28,30,21,28,22,28,29,32,31,24,31,20,19,6,24,28,28,24,30,26,28,33,28,24,30,28,32,20,29,26,32,27,8,4,26,28,33,32,32,30,34,28,30,31,24,34,30,34,30,32,30,6,11,7,14,27,27,25,32,28,32,34,30,30,10,28,34,30,26,30,30,33,27,30,25,37,37,156,32,30,31,36,36,10,,26,27,34,10,32,31,31,8,30,30,33,32,28,26,28,30,32,31,26,34,34,26,34,24,30,38,33,31,27,32,26,13,32,31,26,32,34,34,30,36,40,38,44,32,23,27,40,40,34,36,36,44
Farm0163,13,12,16,16,18,20,18,22,18,18,12,16,20,18,18,20,20,23,18,17,18,18,20,16,22,16,8,24,22,24,22,18,22,21,22,24,24,18,24,22,18,22,12,10,19,18,24,12,10,22,24,18,16,10,26,22,25,20,20,23,20,26,20,27,24,25,22,22,12,23,26,4,24,24,18,24,22,22,24,18,25,19,24,24,25,27,22,24,10,17,20,23,24,23,23,26,9,25,29,22,22,25,22,26,12,24,0,30,10,22,26,22,24,28,28,27,26,28,24,25,26,22,28,25,31,24,25,26,21,26,22,28,9,23,9,26,27,26,30,24,27,26,25,30,26,10,25,24,28,24,14,22,32,32,152,27,26,26,30,29,25,26,,25,30,24,26,27,26,23,26,26,26,26,12,24,26,26,26,29,10,32,28,22,32,22,29,34,30,26,26,30,24,26,26,28,24,26,28,31,29,34,36,33,40,28,22,24,36,34,28,34,33,38
Farm0164,12,12,19,16,9,23,20,18,18,8,16,17,24,8,19,24,21,26,9,19,18,9,20,18,25,18,16,28,26,30,25,19,25,25,26,28,27,6,26,24,18,24,18,17,9,20,24,16,16,24,27,17,16,16,31,25,26,22,22,26,20,28,22,28,28,26,24,24,19,26,29,20,26,26,18,25,26,26,26,19,15,20,26,27,28,30,22,29,18,16,22,2,26,26,24,27,22,26,32,26,24,28,26,29,17,26,24,32,26,23,27,22,26,31,30,30,28,32,24,28,28,23,31,28,21,28,29,29,22,28,22,30,24,24,24,29,28,30,33,28,16,26,15,18,28,24,28,28,30,24,28,23,34,34,154,30,26,29,34,32,24,27,25,,32,26,30,30,29,24,28,28,32,30,27,14,28,30,28,18,24,34,32,22,21,24,30,36,32,28,24,19,25,29,30,32,26,30,31,34,30,24,40,36,43,32,22,25,38,38,30,24,22,41
Farm0165,20,20,26,22,26,10,24,28,26,24,20,23,10,26,26,8,26,12,24,25,24,25,27,22,8,23,21,14,8,14,10,26,9,10,11,13,14,24,11,8,26,29,23,22,24,26,8,19,20,6,9,24,22,22,16,8,13,26,28,12,26,16,28,15,12,32,8,11,22,6,9,24,32,31,25,12,8,12,13,24,32,26,8,6,6,12,28,11,22,22,28,29,32,10,30,10,26,32,18,10,28,7,10,8,22,7,29,37,29,28,32,29,13,14,12,11,10,14,11,34,10,28,11,8,38,8,12,9,28,34,28,37,26,30,28,12,34,6,14,12,33,32,32,37,34,28,10,10,14,30,32,29,16,18,136,14,32,14,14,16,30,34,30,32,,32,13,10,12,31,8,9,14,10,34,32,34,14,10,36,28,20,16,28,40,30,36,20,17,12,32,38,33,36,10,12,32,12,14,15,38,41,23,19,25,12,30,31,14,18,14,40,40,23
Farm0166,12,12,17,14,18,22,18,22,18,18,14,16,23,20,18,23,20,26,19,8,18,18,20,16,22,18,15,26,24,29,24,18,24,24,25,26,26,18,26,25,18,21,18,18,17,20,26,15,15,25,25,14,16,16,29,23,26,4,20,24,19,28,21,28,26,24,23,23,16,26,27,18,25,24,18,25,26,25,26,18,25,20,25,26,28,29,21,27,18,16,4,23,24,25,22,27,24,26,32,26,22,27,24,28,18,26,22,30,25,2,8,22,26,28,29,30,28,31,26,27,28,22,31,27,30,26,28,28,2,8,4,10,23,22,22,29,27,28,32,27,27,6,26,28,26,24,28,28,30,25,26,23,34,33,154,29,25,28,32,32,6,10,24,26,32,,28,28,29,3,28,28,31,30,26,24,26,28,29,30,24,33,31,22,32,22,28,36,30,28,24,30,24,8,28,29,25,28,29,32,30,34,40,35,42,30,22,24,38,36,30,34,34,40
Farm0167,17,17,22,20,23,6,24,27,23,22,20,21,8,25,23,7,25,10,24,20,24,22,24,21,8,22,17,11,8,13,8,23,7,9,8,10,13,23,9,8,24,26,20,20,24,24,8,18,18,4,8,22,22,19,12,7,12,26,24,10,24,13,27,12,12,29,6,8,22,6,8,23,30,28,22,9,6,10,12,22,30,24,6,7,9,10,26,8,19,21,26,28,29,8,28,4,26,30,14,8,27,8,8,9,20,8,26,36,27,26,30,28,10,12,11,10,10,12,8,32,9,27,10,8,36,8,10,8,26,31,26,34,26,28,25,11,32,10,9,10,32,30,30,35,32,26,8,4,2,29,30,27,10,16,130,12,31,11,14,13,30,32,26,30,13,28,,0,8,28,9,10,11,11,30,28,32,13,10,34,25,16,14,26,37,26,34,12,14,11,29,35,29,33,10,4,29,10,2,14,34,39,16,13,20,12,26,30,20,8,2,38,38,17
Farm0168,17,16,22,19,22,6,22,24,21,23,18,20,7,24,23,6,24,8,22,22,22,22,24,22,6,22,17,10,6,12,6,23,6,9,8,10,12,22,8,6,22,26,21,20,21,24,7,18,18,4,5,22,20,19,12,6,10,26,24,10,22,12,24,13,11,28,5,8,20,5,7,22,30,28,22,9,6,8,10,22,28,24,6,6,8,10,26,8,20,20,25,27,28,6,28,4,24,29,12,6,26,7,8,8,20,6,24,34,26,26,28,25,8,12,9,10,8,8,8,32,8,26,9,7,36,8,8,7,25,30,24,34,26,27,24,8,30,8,8,9,30,30,30,34,32,24,7,3,2,28,29,26,10,14,128,12,30,10,12,12,28,31,27,30,10,28,0,,8,27,8,8,9,9,29,28,30,12,9,32,26,16,13,26,37,26,32,11,14,10,28,34,28,32,8,2,28,8,4,14,32,38,16,11,19,12,26,28,18,8,1,36,38,16
Farm0169,17,16,22,19,20,6,22,25,22,22,18,20,6,22,21,5,25,8,22,22,22,22,24,20,6,21,18,10,6,12,6,22,6,8,8,10,11,22,8,8,22,27,20,20,22,23,7,16,18,4,6,20,20,18,14,6,10,24,24,9,24,13,25,12,10,28,6,8,20,6,8,22,28,28,22,9,4,8,10,22,28,23,4,6,8,9,24,6,20,20,25,26,27,6,26,7,24,30,13,6,26,7,6,8,20,6,26,34,26,26,29,26,10,10,10,1,8,8,8,30,8,26,10,7,35,8,8,8,25,30,24,33,24,28,25,10,30,8,12,9,30,29,29,33,32,25,3,6,10,28,29,26,14,14,134,10,29,10,14,4,28,31,26,29,12,29,8,8,,26,8,8,10,9,28,28,32,12,8,32,25,15,13,28,36,26,30,15,12,10,28,34,29,32,9,10,30,9,8,13,34,36,19,15,22,12,26,28,18,16,11,36,37,20
Farm0170,11,11,18,14,18,22,16,20,17,18,14,14,22,18,17,22,18,24,16,7,17,16,19,15,24,15,14,25,22,28,24,18,23,24,24,26,26,17,26,22,16,22,18,17,16,18,24,14,16,24,24,12,14,16,27,23,25,2,20,24,17,28,20,26,24,24,23,23,18,25,26,20,24,22,16,24,24,25,26,17,24,18,24,24,28,27,20,28,15,14,3,22,23,25,22,25,22,24,30,24,21,26,26,26,18,25,22,30,23,2,6,22,24,28,28,28,27,27,24,25,27,22,30,26,30,27,28,27,2,7,4,11,22,20,22,28,26,26,31,26,26,5,24,28,25,22,26,26,28,22,26,21,34,33,153,28,25,27,32,30,5,8,23,24,31,3,28,27,26,,28,26,29,27,26,24,26,27,28,28,22,32,30,21,32,20,26,34,30,27,24,30,24,6,28,28,23,28,29,32,29,33,38,35,40,29,20,22,38,36,28,33,32,39
Farm0171,16,15,22,20,22,6,22,25,22,22,18,22,8,24,22,4,24,9,22,22,22,24,24,20,6,22,18,11,6,12,6,23,6,8,8,10,11,23,8,5,22,25,20,19,22,24,6,18,18,4,6,20,20,18,12,6,8,25,24,9,23,12,24,12,10,29,5,8,20,2,5,22,30,28,22,9,4,9,10,22,28,22,4,4,6,8,25,8,20,20,25,26,29,6,27,8,26,28,13,8,26,4,8,6,19,4,26,34,26,26,29,26,8,10,8,8,8,6,8,30,6,26,8,0,35,5,8,7,25,29,25,34,25,26,26,7,31,8,11,8,31,30,28,32,30,24,7,6,10,28,30,28,14,14,134,12,30,10,12,13,28,30,26,28,8,28,9,8,8,28,,2,4,2,28,28,30,12,2,32,25,14,14,26,36,26,32,14,13,4,28,34,29,32,3,10,29,1,10,7,34,38,20,16,23,8,26,28,16,16,10,36,36,20
Farm0172,14,14,20,18,21,6,20,24,21,20,17,20,9,21,21,6,24,10,20,20,21,22,22,20,8,20,16,12,7,13,8,22,6,8,10,12,12,21,10,6,20,26,20,18,21,22,8,18,16,6,6,20,20,17,14,7,12,24,23,10,22,12,24,14,10,26,6,8,19,6,6,21,28,28,22,11,6,10,11,22,28,22,7,4,7,9,24,10,18,19,24,25,27,8,25,8,24,27,12,8,24,6,8,8,18,4,24,33,25,25,28,24,10,12,10,10,10,12,9,30,8,25,10,2,33,6,10,8,24,29,24,33,24,26,25,8,30,8,12,9,30,29,28,31,30,24,8,8,12,26,27,24,16,16,134,12,28,11,12,13,27,30,26,28,9,28,10,8,8,26,2,,4,4,26,28,30,12,4,32,24,16,14,25,35,25,32,16,14,4,28,32,28,31,3,11,28,4,10,8,32,36,20,16,23,4,26,28,16,18,10,34,36,22
Farm0173,18,18,24,21,24,8,25,28,23,23,20,22,8,24,23,8,26,12,24,22,24,24,26,22,9,22,19,11,8,14,9,24,8,10,10,12,12,24,10,8,24,28,21,22,24,24,8,22,20,6,8,22,22,20,15,8,12,26,26,10,25,14,28,14,12,32,6,10,22,5,8,22,31,30,23,11,6,11,13,24,32,25,7,6,8,10,26,10,22,22,27,28,30,8,28,10,27,30,16,8,28,8,8,8,20,6,25,36,28,29,31,28,11,14,12,10,10,13,10,33,8,28,10,3,38,6,10,7,26,33,26,36,27,28,27,8,34,8,14,12,34,31,30,35,34,27,10,10,12,30,32,28,15,16,134,13,32,12,12,14,30,33,26,32,14,31,11,9,10,29,4,4,,4,30,30,34,14,6,35,26,16,16,28,38,28,34,16,15,5,29,36,31,34,4,12,31,6,12,8,34,40,20,17,24,8,28,30,18,18,12,38,40,22
Farm0174,16,17,23,20,24,8,22,26,24,24,19,22,9,24,22,6,25,10,22,22,23,24,24,21,8,23,19,11,7,12,6,23,8,10,8,10,12,24,9,7,23,27,21,20,22,22,8,19,20,4,8,20,22,20,14,7,10,26,26,10,24,14,26,14,12,30,6,8,21,4,6,24,30,30,23,10,6,11,10,22,31,24,6,4,8,10,27,8,20,21,26,27,29,8,28,8,26,30,13,8,28,7,8,6,20,6,26,36,26,28,31,26,10,10,10,10,9,12,9,32,8,26,9,2,36,6,8,6,26,30,24,34,26,28,26,8,31,8,13,10,32,30,30,33,32,26,8,8,11,30,30,27,15,15,134,11,30,11,12,12,29,32,26,30,10,30,11,9,9,27,2,4,4,,28,29,31,12,3,34,27,16,12,28,38,28,34,16,14,5,29,35,30,33,3,12,30,3,12,8,34,39,19,16,22,6,28,30,18,18,10,38,37,20
Farm0175,14,14,20,16,21,22,20,23,20,20,16,18,22,21,20,23,22,25,19,19,20,21,22,18,24,18,11,26,24,28,24,21,24,24,24,26,26,20,26,24,20,24,15,13,19,22,24,11,12,25,26,18,18,12,29,24,26,23,23,26,20,28,22,28,26,28,24,24,14,24,26,8,27,26,19,24,25,26,26,20,26,21,24,26,27,29,23,28,14,18,24,23,26,25,25,28,7,28,30,25,24,26,24,28,12,26,12,32,6,24,26,24,25,30,28,28,28,28,26,28,28,24,30,26,33,26,28,26,22,28,24,30,3,24,6,29,29,28,32,28,28,28,28,31,28,4,28,26,30,26,8,24,34,35,154,29,27,28,34,32,26,28,12,27,34,26,30,29,28,26,28,26,30,28,,26,28,28,28,31,6,34,30,24,34,24,31,36,30,29,26,32,27,30,29,32,27,28,30,32,31,35,38,35,42,30,24,26,39,36,30,36,35,40
Farm0176,12,12,17,15,8,22,18,17,18,8,14,16,22,6,18,22,20,25,9,16,19,7,20,16,24,16,14,26,22,28,24,18,24,24,24,26,27,6,26,23,18,22,18,17,7,19,24,18,16,24,26,17,16,16,29,24,26,20,22,25,20,28,22,28,26,26,23,24,20,26,27,20,24,23,18,25,25,24,26,18,2,20,24,26,28,30,22,28,18,15,21,10,25,24,24,28,23,26,31,26,21,26,24,27,16,27,23,30,24,22,24,22,25,29,29,30,29,30,26,28,28,22,31,27,10,28,28,28,20,27,22,29,22,24,22,30,28,27,32,27,5,24,4,7,27,23,26,27,30,24,28,21,34,34,154,30,26,28,34,31,24,26,24,14,32,24,28,28,28,24,28,28,30,29,26,,26,28,29,7,22,32,32,23,10,22,28,36,31,29,23,8,26,28,28,30,26,30,30,32,28,14,39,36,42,30,22,24,38,36,30,12,12,40
Farm0177,15,14,18,16,22,25,22,23,18,20,15,20,26,22,9,26,24,28,20,19,20,20,22,16,28,18,18,28,28,32,27,20,27,28,28,30,30,20,29,27,22,6,22,21,21,22,28,18,20,27,30,18,18,20,32,28,28,23,12,28,22,31,25,31,28,16,25,26,20,27,30,24,28,7,22,28,28,28,28,22,28,21,28,28,31,32,12,32,20,18,23,25,25,28,24,30,26,10,34,28,26,31,28,31,20,30,26,34,28,25,26,25,28,32,32,32,30,34,28,29,30,24,32,30,34,30,30,31,24,30,24,32,27,7,26,32,17,30,34,30,30,28,28,32,30,27,30,30,33,28,30,26,36,38,156,32,18,31,36,34,26,28,26,28,34,26,32,30,32,26,30,30,34,31,28,26,,30,32,32,26,36,34,25,34,24,19,38,34,32,27,34,28,32,32,33,27,32,33,36,20,38,42,37,44,33,25,26,41,38,32,38,36,43
Farm0178,16,16,22,18,22,6,22,24,22,23,18,20,8,24,21,8,25,8,22,21,22,22,24,19,8,21,18,10,9,12,8,22,8,8,9,10,12,22,10,8,22,26,20,20,22,24,8,19,18,8,10,20,20,20,12,8,10,25,24,9,24,12,26,12,10,28,8,8,20,9,12,22,28,28,21,10,9,8,10,22,30,24,10,10,11,14,26,11,18,20,25,26,29,8,27,10,26,28,15,8,26,12,9,12,20,11,26,36,26,25,30,25,4,13,12,13,12,15,9,32,12,26,14,11,34,12,10,12,24,30,26,32,26,28,25,12,31,12,17,11,31,28,30,34,32,25,12,10,14,28,28,26,16,18,136,11,31,12,17,16,28,30,26,30,14,28,13,12,12,27,12,12,14,12,28,28,30,,13,34,26,15,13,26,35,27,32,20,12,14,28,34,28,32,12,13,28,13,14,18,34,37,24,18,26,16,26,28,20,20,12,38,36,24
Farm0179,16,18,24,20,22,8,23,26,23,22,20,21,8,23,24,5,24,10,22,22,24,22,25,21,7,22,18,10,8,14,6,24,8,10,10,11,12,23,9,7,22,26,20,20,22,25,8,20,19,6,7,22,20,18,14,6,11,27,25,10,24,14,26,13,11,30,6,10,22,4,6,22,30,28,23,10,6,9,10,23,30,24,6,5,6,11,26,9,20,20,26,26,30,6,28,8,26,30,15,8,28,5,8,8,20,6,25,36,28,26,30,26,10,12,10,10,9,13,9,32,8,28,8,2,36,6,8,6,26,30,24,34,26,27,26,8,32,7,14,10,30,30,30,34,32,26,8,8,11,29,30,27,15,15,134,12,31,12,12,13,5,32,26,28,10,29,10,9,8,28,2,4,6,3,28,29,32,13,,34,26,17,14,28,38,26,33,16,15,6,28,34,30,34,5,12,28,4,11,6,34,40,20,16,22,7,28,30,16,17,11,38,37,21
Farm0180,16,18,23,20,12,26,23,22,22,12,19,20,28,12,22,28,26,30,12,22,23,12,26,21,30,22,20,31,28,34,29,22,29,30,30,32,32,10,31,30,24,27,23,22,13,24,30,22,21,30,30,21,20,22,36,29,30,26,26,30,24,34,26,33,31,31,28,29,23,30,32,25,30,28,23,30,30,30,32,22,2,24,29,32,32,35,26,34,23,20,25,15,28,30,28,33,28,30,35,30,28,32,30,33,22,32,28,35,29,28,30,27,30,34,34,34,33,38,30,32,32,26,35,32,10,32,32,33,26,30,26,34,28,28,28,34,32,34,38,32,10,30,8,8,32,28,31,32,36,30,32,27,39,38,158,34,30,33,38,38,30,31,29,18,36,30,34,32,32,28,32,32,35,34,31,7,32,34,34,,28,38,36,28,12,27,33,40,36,32,29,1,31,33,34,36,30,34,34,38,33,13,43,40,48,34,27,30,44,41,34,16,12,46
Farm0181,12,12,16,13,18,20,18,19,16,18,13,16,20,18,18,20,19,22,16,16,16,16,19,16,22,16,8,22,21,25,22,17,21,20,23,23,24,18,24,20,17,20,12,10,18,18,22,8,9,20,22,14,16,10,26,20,22,20,20,21,18,26,20,26,24,24,20,22,12,22,25,6,23,22,17,24,22,22,22,18,26,17,22,23,24,26,20,24,10,16,20,22,24,22,21,23,4,24,27,22,20,22,21,26,10,23,10,28,3,21,24,22,22,26,26,26,25,24,22,24,26,21,26,23,29,24,24,26,19,25,20,28,1,22,2,26,27,25,29,24,26,23,24,28,26,2,24,23,27,22,6,21,31,31,150,26,26,24,30,28,25,26,10,24,28,24,25,26,25,22,25,24,26,27,6,22,26,26,26,28,,30,25,22,30,21,26,32,27,26,24,30,24,26,25,27,24,26,28,29,28,32,36,31,39,26,20,22,35,32,26,33,31,37
Farm0182,21,21,27,23,27,12,28,30,26,26,23,26,12,28,28,10,29,14,28,26,28,27,29,25,12,26,22,16,11,16,10,28,11,12,12,16,15,28,12,12,28,30,26,24,26,27,13,24,23,10,14,26,26,22,19,10,15,30,28,14,28,17,30,17,14,33,8,13,26,12,14,28,34,34,27,14,12,15,16,28,34,28,12,13,15,15,30,16,24,26,30,30,33,12,32,14,30,34,17,12,32,13,12,16,24,12,30,40,30,31,35,32,12,16,16,16,15,18,14,36,14,30,17,14,40,14,14,15,30,34,30,38,30,32,30,16,37,16,20,14,37,33,34,39,36,30,14,14,16,34,35,31,20,21,140,4,35,14,21,19,34,34,32,34,20,33,16,16,15,32,14,16,16,16,34,32,36,15,17,38,30,,6,30,41,30,38,22,6,18,34,38,34,36,16,17,34,16,17,20,38,42,28,22,29,20,30,34,26,24,17,40,41,27
Farm0183,18,19,24,21,26,8,24,28,26,25,22,22,10,26,26,8,26,12,24,24,26,26,28,23,8,24,18,13,9,15,10,25,8,10,12,12,14,26,11,9,24,28,22,22,26,26,10,22,22,10,12,23,24,22,16,9,12,28,27,13,26,15,29,16,12,32,8,12,24,10,12,26,31,31,24,12,10,12,13,25,33,26,10,11,12,14,27,12,22,22,28,28,30,10,30,12,27,32,16,10,28,12,10,14,22,11,28,36,27,29,32,30,10,14,14,14,12,13,10,35,12,29,15,11,38,13,13,12,28,32,26,36,25,29,26,14,34,14,16,13,34,32,32,36,34,26,12,12,16,31,29,28,18,19,139,2,34,12,18,16,13,34,28,32,16,31,14,13,13,30,14,14,16,12,30,32,34,13,14,36,25,6,,30,40,29,34,21,4,14,30,36,32,34,14,15,31,14,15,18,36,42,24,20,26,18,29,32,22,21,15,38,40,25
Farm0184,11,10,17,12,17,20,16,19,16,16,12,5,20,17,16,20,18,22,16,16,16,16,18,14,22,14,12,22,22,24,22,16,22,22,23,22,23,16,24,22,8,20,16,16,15,3,22,13,14,23,24,14,6,15,25,22,24,18,17,22,10,25,10,24,24,23,22,20,16,22,26,18,9,23,8,23,24,22,24,8,22,10,24,24,27,27,18,26,14,5,20,20,22,24,21,25,21,24,28,23,0,25,23,26,16,24,22,14,21,22,23,11,23,28,26,27,26,29,24,24,26,12,28,25,30,24,26,26,18,24,20,26,21,20,22,28,26,26,30,24,24,24,22,27,18,20,24,24,28,4,26,0,32,31,146,27,23,26,32,30,26,26,22,22,28,22,26,26,28,21,26,25,28,28,24,23,25,26,28,28,22,30,30,,30,0,26,33,30,26,2,28,4,25,26,29,23,27,28,31,27,32,37,32,40,26,20,22,36,34,28,32,30,38
Farm0185,20,20,26,23,16,28,26,24,26,16,21,24,30,16,25,31,28,33,17,25,26,16,28,25,32,26,24,34,32,36,32,27,32,32,33,34,34,14,34,32,25,30,26,26,15,28,32,24,24,32,34,25,24,25,38,32,33,29,28,34,27,37,30,36,34,33,31,31,26,34,35,28,33,32,26,33,34,32,34,26,8,28,32,34,36,37,30,36,24,24,29,19,31,34,30,36,32,33,39,33,31,34,33,35,24,34,30,38,32,30,34,28,33,38,38,38,37,39,32,34,36,30,38,35,10,34,37,37,28,34,30,38,32,31,30,36,36,35,40,36,14,33,10,10,34,30,36,35,38,32,35,31,42,42,162,36,34,37,41,39,35,34,32,21,40,32,37,37,36,32,36,35,38,38,34,10,34,35,38,12,30,41,40,30,,30,35,43,38,36,33,12,32,36,37,38,34,37,37,42,38,2,48,42,50,38,30,32,46,44,38,20,1,48
Farm0186,11,10,16,12,17,20,14,19,16,16,12,6,22,16,15,21,18,21,16,15,16,16,18,14,22,14,14,22,22,24,22,16,22,22,23,22,22,16,24,22,6,19,15,15,17,2,22,14,14,22,24,15,6,14,26,22,24,19,18,24,8,26,11,23,24,23,21,22,16,24,26,18,8,22,8,23,23,24,25,8,23,10,23,24,26,26,18,26,14,6,18,20,22,23,20,24,20,24,30,22,0,24,22,26,15,24,21,14,22,20,22,12,23,27,28,28,26,26,24,26,26,12,30,26,30,26,26,25,18,23,20,27,20,21,21,27,24,26,31,26,25,24,22,28,18,21,26,25,28,1,24,0,32,32,147,26,24,27,31,30,26,24,22,24,30,22,26,26,26,20,26,25,28,28,24,22,24,27,26,27,21,30,29,0,30,,26,33,29,26,2,28,4,26,26,27,23,26,28,30,27,32,37,34,40,26,18,22,35,34,28,32,30,39
Farm0187,16,16,20,16,23,26,22,25,20,23,15,20,28,24,10,26,24,29,21,20,22,22,24,18,27,18,18,31,27,32,28,20,28,28,29,30,31,21,30,28,22,14,23,21,23,22,28,22,22,28,30,20,20,20,34,28,31,24,12,28,22,32,24,32,30,6,27,28,22,30,30,24,29,16,22,30,28,30,30,22,29,24,28,29,32,33,14,32,22,20,26,26,26,29,25,30,27,18,36,30,26,30,29,32,22,30,26,35,28,26,29,26,28,33,34,33,32,32,29,29,32,26,34,31,36,31,32,32,26,30,26,33,27,14,27,33,8,31,35,30,29,29,30,31,30,28,30,30,34,28,30,26,38,38,157,33,2,32,37,36,32,30,29,30,36,28,34,32,30,26,32,32,34,34,31,28,19,32,33,33,26,38,34,26,35,26,,39,33,33,28,34,29,32,32,34,28,33,34,38,2,38,42,40,46,34,26,28,42,40,34,37,37,43
Farm0188,22,23,28,25,30,13,28,32,28,29,24,27,14,30,29,12,30,16,30,27,28,28,32,27,12,28,24,17,13,19,12,29,12,16,14,16,18,28,15,13,28,32,28,26,30,30,13,23,26,11,12,27,26,24,20,14,17,33,32,16,30,18,32,18,16,36,12,16,26,12,14,29,36,34,30,16,12,16,17,29,36,30,12,13,14,16,32,16,26,28,33,33,35,14,34,11,32,35,21,15,33,13,14,14,26,12,32,42,34,33,36,32,16,18,16,16,14,15,14,38,15,32,18,14,42,13,16,15,32,37,32,40,32,34,33,16,38,14,15,16,38,36,36,40,38,31,14,12,12,35,36,33,2,22,133,18,36,17,20,20,14,38,34,36,20,36,12,11,15,34,14,16,16,16,36,36,38,20,16,40,32,22,21,33,43,33,39,,20,18,35,41,36,40,17,12,36,16,14,20,40,44,8,3,11,19,33,36,26,20,12,43,45,9
Farm0189,18,20,26,22,25,9,25,28,25,24,22,23,10,26,26,8,28,12,25,24,26,26,27,23,9,24,21,12,9,16,10,26,10,10,12,14,14,26,12,10,25,29,24,22,26,26,10,20,22,8,10,23,22,22,16,10,13,28,27,12,26,15,28,16,12,33,8,12,24,10,12,26,32,32,24,12,9,12,13,26,32,26,10,12,13,14,28,12,22,22,28,28,32,10,29,11,28,32,16,10,29,11,10,14,22,11,28,37,28,28,32,30,12,13,14,14,12,12,11,34,14,30,15,12,38,12,14,12,28,32,28,36,28,30,29,14,36,13,18,12,34,33,32,36,34,28,10,12,16,30,32,30,20,20,138,2,32,14,18,17,13,33,30,32,17,30,14,14,12,30,13,14,15,14,30,31,34,12,15,36,27,6,4,30,38,29,33,20,,15,30,36,32,36,14,15,32,14,16,18,34,40,24,20,28,16,29,32,23,20,16,39,40,24
Farm0190,16,16,22,19,22,8,21,26,22,22,19,20,8,23,21,7,24,11,22,22,22,22,24,19,8,21,18,12,8,14,8,23,8,10,10,12,12,22,10,8,21,25,20,20,22,22,10,19,18,5,9,20,19,18,15,8,12,24,24,12,22,14,26,14,12,28,6,10,20,4,8,22,30,28,22,12,7,11,12,22,29,22,6,6,8,10,25,11,19,20,26,26,28,10,26,9,26,29,14,8,26,8,10,8,20,6,25,34,26,25,28,25,11,13,12,12,10,13,10,30,8,26,9,2,35,6,9,8,26,30,24,33,25,26,25,8,30,8,14,10,30,30,30,33,32,25,10,8,12,28,30,26,15,16,135,14,30,12,14,14,28,31,26,28,12,28,11,10,10,27,4,4,5,5,29,29,32,14,6,32,26,18,14,26,36,26,33,18,15,,28,34,28,32,4,12,30,5,11,8,32,36,20,17,24,4,26,28,18,18,12,36,37,22
Farm0191,14,12,18,14,18,22,18,21,18,18,14,8,24,19,18,23,19,23,18,17,18,18,21,16,26,17,14,24,24,26,23,18,24,24,26,24,26,18,26,24,10,23,18,16,18,4,25,16,16,24,26,16,8,17,27,24,26,22,20,25,12,28,12,26,27,25,22,26,18,26,26,21,11,24,11,25,25,24,26,10,25,10,24,27,27,29,22,28,16,7,20,23,24,26,22,26,24,26,32,25,2,26,24,28,16,26,23,16,24,22,26,14,26,29,30,28,28,28,25,26,28,14,30,27,30,26,28,28,22,26,23,28,24,23,23,30,28,28,32,28,26,26,26,30,19,24,26,26,30,4,28,2,34,34,150,30,24,28,34,31,29,27,26,24,32,24,29,28,28,24,28,28,29,29,26,23,27,28,28,29,24,34,30,2,33,2,28,35,30,28,,30,6,28,28,30,24,29,30,34,29,34,38,36,42,28,22,25,38,36,30,34,33,40
Farm0192,18,18,24,20,14,28,24,24,24,14,20,23,30,12,24,30,28,30,14,24,23,13,26,22,29,24,21,33,30,34,30,24,30,30,32,32,32,12,32,31,24,28,24,24,15,24,30,24,22,30,33,22,22,22,34,28,32,26,26,30,26,34,27,34,30,32,30,30,23,32,32,26,32,30,25,30,32,30,33,24,4,26,32,33,34,35,28,35,24,22,28,16,30,30,28,34,30,32,38,31,28,32,31,34,22,31,28,36,30,27,30,28,30,36,36,36,34,34,32,32,34,28,36,34,12,32,34,34,28,32,28,34,30,28,28,36,32,34,38,33,11,31,6,10,34,30,34,33,35,30,33,29,40,41,158,35,32,32,38,38,30,32,30,19,38,30,35,34,34,30,34,32,36,35,32,8,34,34,34,1,30,38,36,28,12,28,34,41,36,34,30,,30,35,35,36,32,34,36,40,35,14,45,42,47,36,27,30,44,42,36,18,12,46
Farm0193,14,14,19,15,18,23,21,22,20,20,15,8,24,20,19,23,22,24,19,18,20,18,20,18,25,18,16,26,26,26,25,18,26,26,26,24,24,19,27,26,12,24,18,17,19,6,26,17,18,25,26,16,9,17,28,25,28,22,22,26,13,28,14,29,28,26,24,25,19,26,28,20,12,24,12,26,26,26,28,12,26,12,26,28,28,30,22,28,16,8,22,23,25,26,24,28,24,26,33,26,4,28,26,29,19,26,24,16,24,23,26,14,26,30,30,30,28,30,26,28,29,15,31,28,32,28,28,30,22,26,24,30,22,24,24,30,28,29,33,28,28,26,26,30,20,24,28,28,32,6,28,2,36,35,150,30,26,29,34,34,26,26,24,25,33,24,29,28,29,24,29,28,31,30,27,26,28,28,30,31,24,34,32,4,32,4,29,36,32,28,6,30,,29,30,32,26,30,32,34,30,34,40,36,42,30,24,26,36,36,32,36,34,41
Farm0194,16,16,22,18,22,26,20,24,22,22,18,22,26,23,21,28,24,30,22,12,23,22,24,20,28,20,19,30,28,32,28,20,28,28,30,30,31,22,30,28,22,26,22,21,22,24,28,19,20,28,31,18,20,21,32,28,30,7,24,28,23,32,26,32,30,30,28,28,22,29,31,24,30,28,22,28,28,30,30,22,30,22,29,31,32,33,26,32,20,20,8,26,27,28,28,32,26,28,34,28,26,32,30,31,20,30,26,34,28,4,10,27,28,32,33,32,33,33,28,30,32,26,33,30,34,31,32,32,7,12,8,14,28,27,27,33,32,32,36,31,32,8,30,33,32,28,30,31,34,27,32,26,38,38,156,34,30,31,37,37,32,13,26,29,36,8,33,32,32,6,32,31,34,33,30,28,32,32,34,33,26,36,34,25,36,26,32,40,36,32,28,35,29,,33,34,30,33,34,36,32,38,43,38,46,34,26,28,42,40,34,38,38,43
Farm0195,16,16,24,20,22,8,24,26,23,22,18,21,8,23,22,6,24,10,23,22,22,23,25,20,7,22,18,10,7,14,8,23,6,8,9,11,12,24,8,8,23,28,21,22,22,24,6,21,20,5,7,22,21,18,14,6,12,25,25,9,24,12,26,12,10,30,6,8,22,4,6,23,30,28,24,11,6,10,12,22,30,24,6,6,8,10,25,9,20,22,25,27,28,8,28,8,26,30,14,8,26,6,8,7,20,6,26,35,27,26,30,27,10,12,10,10,10,8,10,32,8,26,10,3,36,5,9,6,27,30,26,34,26,28,26,8,32,7,12,10,32,30,31,34,32,26,8,8,10,29,28,27,14,16,134,12,30,11,12,14,4,32,26,30,10,28,10,8,9,28,3,3,4,3,29,28,32,12,5,34,25,16,14,26,37,26,32,17,14,4,28,35,30,33,,12,30,4,11,8,33,40,20,17,23,7,27,29,17,18,11,36,38,22
Farm0196,18,18,24,22,24,8,25,26,24,24,20,22,10,25,24,6,26,11,24,24,24,24,26,22,8,23,18,12,8,14,8,23,8,10,10,11,14,24,10,8,24,28,22,20,24,26,9,22,20,8,9,23,22,20,16,8,12,27,26,11,26,16,27,14,12,30,8,12,22,8,9,25,30,30,24,11,6,10,12,24,30,26,6,8,10,10,28,10,20,22,28,27,30,9,28,4,28,32,15,9,28,10,9,10,20,8,27,37,28,28,32,28,12,12,11,12,10,13,10,32,10,28,12,9,37,8,11,8,26,33,26,36,28,29,28,12,33,10,9,12,32,30,30,34,32,26,10,5,4,30,32,29,12,16,130,14,32,12,15,13,10,31,28,32,12,29,4,2,10,28,10,11,12,12,32,30,33,13,12,36,27,17,15,29,38,27,34,12,15,12,30,36,32,34,12,,32,10,4,15,35,40,17,14,20,13,28,30,20,9,4,38,38,19
Farm0197,13,12,18,17,18,22,18,21,20,18,16,16,24,20,19,24,22,26,20,18,19,20,22,16,25,18,16,28,26,30,25,19,25,26,25,27,27,20,26,24,19,23,20,17,19,20,26,16,17,26,27,18,16,18,30,25,26,22,20,26,20,29,22,29,28,27,24,26,20,27,26,21,26,24,20,26,26,26,27,18,27,20,28,28,29,30,23,30,18,16,22,23,25,26,24,28,24,26,32,26,23,27,26,30,18,25,24,30,24,23,26,22,26,30,30,30,28,29,26,28,28,22,31,29,30,28,29,28,23,27,24,30,24,22,24,28,28,28,32,28,29,27,26,30,28,24,28,28,31,26,28,24,35,34,154,30,26,29,32,32,24,26,24,26,32,25,29,28,30,23,29,28,31,30,27,26,27,28,28,30,24,34,31,23,34,23,28,36,32,30,24,32,26,30,30,32,,30,31,34,31,34,40,36,44,31,3,5,39,36,32,36,34,42
Farm0198,16,16,22,20,24,8,23,26,23,24,20,20,8,24,22,6,25,10,23,22,22,22,25,22,8,22,18,12,8,12,6,22,6,8,8,12,12,23,10,7,24,27,20,21,24,24,8,20,19,6,7,21,21,20,13,8,10,26,26,9,23,12,27,13,11,30,6,8,20,4,6,22,29,28,24,9,6,10,10,24,30,24,6,4,6,10,26,9,20,22,26,28,30,9,27,8,26,30,14,7,28,5,8,7,20,4,26,35,26,26,30,28,10,12,10,10,9,12,10,32,9,28,9,2,36,6,8,7,26,32,24,34,26,28,26,8,32,6,13,10,32,29,30,33,34,26,8,8,10,29,30,26,14,14,134,12,32,10,12,13,29,32,26,30,12,28,10,8,9,28,1,4,6,3,28,30,32,13,4,34,26,16,14,27,37,26,33,16,14,5,29,34,30,33,4,10,30,,12,7,35,39,19,16,22,8,26,29,18,17,11,36,38,22
Farm0199,18,18,24,22,24,8,24,26,23,24,21,22,8,26,24,6,25,10,24,22,24,24,27,22,9,24,20,12,8,14,8,24,8,10,10,13,12,24,10,8,24,28,22,20,25,24,9,19,21,6,8,22,22,20,15,8,12,26,26,11,25,14,27,15,12,31,8,10,22,8,8,24,30,30,24,10,6,11,12,24,31,25,7,8,10,12,27,10,20,22,26,29,31,10,29,4,28,30,15,9,28,8,8,10,22,8,26,36,28,28,30,28,11,12,12,10,11,9,10,34,10,28,12,8,38,10,10,10,27,32,26,36,28,29,26,11,34,10,10,12,34,30,30,35,33,26,8,6,4,30,30,28,12,16,130,13,32,12,15,14,10,34,28,31,14,29,2,4,8,29,10,10,12,12,30,30,33,14,11,34,28,17,15,28,37,28,34,14,16,11,30,36,32,34,11,4,31,12,,16,35,40,16,13,19,14,29,30,20,9,4,38,38,18
Farm0200,20,21,27,24,28,12,28,31,27,27,24,24,14,28,28,10,30,14,28,26,27,27,29,24,11,26,22,16,11,18,11,26,11,14,14,14,16,26,14,11,26,30,26,24,28,28,14,25,23,9,10,24,24,24,18,12,14,30,29,14,29,17,30,17,14,33,10,14,24,8,9,28,34,33,26,14,9,14,14,30,34,29,10,9,11,14,28,14,24,24,30,30,32,12,32,12,31,34,18,12,31,10,12,10,24,10,30,38,32,30,34,30,14,16,13,14,14,15,14,37,11,31,12,6,40,10,14,10,30,35,29,38,30,32,30,13,36,11,17,14,36,34,34,38,36,30,11,12,14,33,35,32,19,18,138,16,36,16,16,17,7,34,31,34,15,32,14,14,13,32,7,8,8,8,32,32,36,18,6,38,29,20,18,31,42,30,38,20,18,8,34,40,34,36,8,15,34,7,16,,38,44,24,19,28,10,32,32,21,21,14,41,42,25
Farm0201,17,17,21,18,22,28,24,26,21,24,18,20,29,24,10,26,26,30,23,22,23,22,24,20,30,20,20,30,28,32,29,21,30,30,28,32,32,23,32,29,24,14,22,22,22,24,30,24,22,28,31,20,22,22,34,30,32,26,13,30,24,33,26,33,31,8,28,30,22,30,32,26,30,18,22,30,30,30,30,24,30,24,30,32,34,34,14,33,22,22,25,28,28,30,26,32,28,18,36,30,28,32,30,34,22,32,28,36,28,27,30,28,30,34,34,33,32,36,30,30,32,28,36,32,36,32,34,33,26,32,28,34,29,16,28,34,10,32,38,32,32,30,30,36,32,27,32,32,34,28,32,26,40,40,158,35,4,33,38,38,32,30,29,30,38,30,34,32,34,29,34,32,34,34,31,28,20,34,34,33,28,38,36,27,38,27,2,40,34,32,29,35,30,32,33,35,31,35,35,38,,38,44,40,48,36,28,30,43,42,35,39,38,45
Farm0202,22,22,28,25,18,33,28,28,26,18,24,26,34,17,28,32,32,35,18,26,28,18,30,26,35,27,24,36,34,38,34,28,34,34,34,36,36,17,36,35,28,32,28,26,17,30,34,27,26,34,37,26,26,26,38,34,36,30,30,34,30,38,30,38,35,36,34,33,28,34,38,30,36,35,29,36,35,36,36,27,8,28,34,36,38,40,32,38,26,26,32,20,34,34,32,38,33,35,40,35,32,36,35,38,27,36,33,40,34,32,34,32,34,38,38,38,38,38,34,38,38,32,41,38,12,38,38,38,32,36,32,40,33,33,34,38,36,39,42,36,14,34,14,12,37,34,36,37,40,34,36,32,44,42,163,40,36,38,42,42,34,36,34,24,41,34,39,38,36,33,38,36,40,39,35,14,38,37,40,13,32,42,42,32,2,32,38,44,40,36,34,14,34,38,40,40,34,39,40,44,38,,49,45,52,38,33,34,48,44,40,22,4,50
Farm0203,28,28,34,30,32,16,34,35,33,33,28,30,19,34,33,16,36,20,32,32,33,34,34,32,17,32,28,20,17,22,18,32,17,19,18,20,22,32,19,17,34,36,30,29,32,34,18,27,29,15,16,31,32,30,24,18,22,36,36,20,34,23,36,23,20,40,15,18,31,16,18,34,40,40,33,20,16,20,22,34,40,34,16,17,19,21,36,20,29,31,34,38,38,18,37,13,36,40,23,18,38,18,18,18,29,16,36,45,38,38,38,38,20,22,20,20,19,18,19,42,19,36,21,18,46,18,20,19,36,42,35,43,36,38,36,20,42,20,19,20,42,41,40,44,42,37,19,14,18,40,40,38,8,25,138,22,42,20,24,24,18,40,36,40,23,40,16,16,19,38,20,20,20,19,38,39,42,24,20,43,36,28,24,37,48,37,42,8,24,20,38,45,40,43,20,17,40,19,16,24,44,49,,4,15,23,38,38,30,24,16,47,48,14
Farm0204,22,24,30,26,30,13,28,32,28,30,26,27,14,30,28,12,31,16,30,28,29,30,32,28,13,28,25,18,12,18,14,29,14,15,15,18,18,30,15,14,29,33,26,26,28,30,13,24,24,10,12,26,27,25,20,14,16,33,31,16,30,18,32,20,18,36,11,15,26,12,14,30,36,34,30,16,12,16,18,28,36,30,12,12,15,16,32,15,26,26,32,34,35,14,34,10,32,36,20,13,34,14,14,15,27,14,30,40,32,34,36,32,16,18,16,16,16,18,16,38,15,34,17,15,42,14,14,16,31,36,31,40,32,34,33,16,39,16,15,16,38,36,36,41,38,32,14,10,13,36,37,34,4,20,134,18,38,18,22,18,15,38,33,36,19,35,13,11,15,35,16,16,17,16,35,36,37,18,16,40,31,22,20,32,42,34,40,3,20,17,36,42,36,38,17,14,36,16,13,19,40,45,4,,11,18,33,35,24,19,14,42,43,8
Farm0205,29,30,36,34,37,20,36,40,36,36,32,34,22,36,36,19,36,24,36,34,36,36,38,34,20,35,32,25,21,26,19,36,21,22,22,25,25,35,23,20,36,39,34,32,36,37,21,33,31,18,20,34,35,32,27,20,24,38,38,22,36,26,38,26,25,42,19,22,34,20,20,36,43,42,34,24,20,23,24,36,44,37,18,20,21,24,38,22,34,33,40,41,42,21,42,18,39,42,28,22,40,21,20,22,33,20,39,47,39,40,42,40,23,25,22,22,22,24,22,44,22,40,24,22,50,22,21,22,40,44,38,46,38,40,40,22,46,22,23,22,44,43,43,47,46,40,22,17,20,42,44,40,9,28,141,25,44,24,27,26,42,44,40,43,25,42,20,19,22,40,23,23,24,22,42,42,44,26,22,48,39,29,26,40,50,40,46,11,28,24,42,47,42,46,23,20,44,22,19,28,48,52,15,11,,26,40,42,32,26,20,50,52,10
Farm0206,18,18,24,22,24,10,24,26,24,25,19,22,12,26,26,10,26,12,24,22,22,24,25,22,10,22,19,13,10,14,10,24,12,12,12,13,12,24,12,10,24,28,22,20,24,22,11,18,21,8,10,22,22,20,14,9,14,26,24,14,24,16,26,14,16,31,9,12,22,7,8,24,30,30,24,14,10,14,14,24,31,25,9,8,10,14,26,12,20,24,26,28,30,10,30,10,26,32,16,11,26,10,11,10,20,8,27,34,28,28,31,28,13,15,13,14,11,10,12,32,10,28,12,4,37,8,12,10,26,32,26,34,27,29,27,12,32,10,16,13,33,31,32,36,32,27,12,11,14,28,30,26,19,18,136,16,32,14,15,16,6,32,28,32,12,30,12,12,12,29,8,4,8,6,30,30,33,16,7,34,26,20,18,26,38,26,34,19,16,4,28,36,30,34,7,13,31,8,14,10,36,38,23,18,26,,28,30,20,20,14,40,38,23
Farm0207,9,10,16,12,16,20,16,19,16,16,12,14,21,17,16,21,19,23,16,16,18,16,18,14,22,15,13,24,22,26,22,16,22,23,22,24,25,17,24,22,16,20,16,15,16,16,22,13,14,23,24,14,14,14,26,22,24,20,18,22,18,26,20,26,24,22,22,23,16,24,24,18,23,22,16,24,24,23,24,17,24,16,23,24,25,28,18,26,15,14,20,20,23,23,21,24,20,22,30,24,20,26,23,27,16,22,20,28,22,20,22,22,22,26,28,26,26,26,24,26,26,20,29,25,29,26,26,24,18,24,20,27,21,19,22,24,26,26,30,24,25,23,23,26,26,21,25,26,28,23,24,21,32,32,150,26,24,26,28,30,26,23,22,22,30,22,26,26,26,20,26,26,28,28,24,22,25,26,28,27,20,30,29,20,30,18,26,33,29,26,22,27,24,26,27,28,3,26,29,32,28,33,38,33,40,28,,2,36,34,28,32,31,37
Farm0208,12,12,18,16,18,22,18,22,18,18,13,16,24,19,20,24,21,24,18,17,18,18,20,16,22,17,15,26,24,28,24,16,24,24,24,28,26,18,26,25,18,22,18,16,18,19,25,14,16,24,26,16,16,16,28,24,26,21,20,26,19,28,20,28,24,25,24,24,18,26,26,20,26,25,18,24,24,26,26,18,25,19,26,26,28,31,20,28,16,16,20,22,24,26,22,27,24,24,30,25,22,26,25,28,17,24,24,31,24,22,25,23,24,28,28,28,28,31,26,26,28,22,30,28,30,28,28,26,22,27,22,28,24,20,23,26,26,28,32,28,27,26,24,28,27,24,27,27,30,24,28,21,34,34,153,29,26,28,30,32,28,27,24,25,31,24,30,28,28,22,28,28,30,30,26,24,26,28,30,30,22,34,32,22,32,22,28,36,32,28,25,30,26,28,29,30,5,29,30,32,30,34,38,35,42,30,2,,37,36,29,35,34,40
Farm0209,25,26,32,29,32,16,32,35,32,32,28,30,17,34,32,15,34,20,32,31,33,32,34,30,16,31,27,20,16,22,16,33,17,18,18,20,22,32,18,16,33,35,30,29,32,34,16,28,28,14,16,30,29,28,22,16,20,35,34,18,34,22,36,22,20,39,16,18,30,13,16,32,38,38,32,20,16,18,20,32,38,34,14,14,12,18,35,19,30,30,35,36,38,17,38,18,35,39,23,18,36,15,17,15,28,14,35,45,36,36,39,36,20,20,19,19,18,21,18,40,16,36,18,15,44,14,18,16,34,40,34,42,34,36,34,17,42,12,22,19,42,39,38,42,41,34,17,18,18,38,38,36,25,24,144,21,40,22,21,22,16,40,36,38,14,38,20,18,18,38,16,16,18,18,39,38,41,20,16,44,35,26,22,36,46,35,42,26,23,18,38,44,36,42,17,20,39,18,20,21,43,48,30,24,32,20,36,37,,23,20,46,48,30
Farm0210,24,24,30,27,30,14,30,32,30,30,26,28,16,32,30,14,32,18,31,29,30,30,32,28,13,29,26,18,14,20,14,30,14,16,16,18,19,30,16,14,30,34,28,26,30,31,14,26,26,13,12,28,28,26,20,14,18,32,31,16,32,20,32,20,18,36,12,16,27,14,15,30,36,36,30,17,12,18,18,28,37,30,13,14,16,16,34,16,27,28,33,34,36,16,36,11,34,37,20,16,36,15,15,16,26,14,33,42,34,34,38,34,18,18,18,18,16,15,16,40,16,36,18,16,44,14,16,16,31,38,32,40,33,35,32,17,39,16,16,17,39,37,38,40,40,34,16,12,9,36,36,34,18,22,136,18,38,18,22,21,16,40,34,38,18,36,8,8,16,36,16,18,18,18,36,36,38,20,17,41,32,24,21,34,44,34,40,20,20,18,36,42,36,40,18,9,36,17,9,21,42,44,24,19,26,20,34,36,23,,10,44,44,24
Farm0211,18,17,24,22,24,8,25,28,24,24,21,22,9,25,25,7,26,12,24,24,25,24,26,22,7,24,20,12,8,14,8,24,8,8,10,12,12,25,10,8,23,28,24,21,23,25,10,21,20,6,8,22,22,20,16,9,12,26,27,12,24,14,27,13,12,30,6,10,22,8,8,24,32,30,24,11,8,12,13,24,31,26,7,8,10,10,27,10,21,22,26,29,30,10,30,6,27,30,16,9,28,9,8,10,22,8,26,36,26,28,32,28,11,12,12,10,9,10,10,34,11,28,13,8,36,8,10,11,26,32,26,36,28,28,27,12,32,10,10,10,34,32,31,35,32,28,9,6,4,30,30,28,12,16,130,13,32,12,15,14,10,34,28,30,14,30,2,1,11,28,10,10,12,10,30,30,32,12,11,34,26,17,15,28,38,28,34,12,16,12,30,36,32,34,11,4,32,11,4,14,35,40,16,14,20,14,28,29,20,10,,38,39,18
Farm0212,22,22,28,25,18,30,27,28,28,18,24,26,32,18,28,30,30,34,17,26,28,18,31,26,32,28,25,36,33,38,32,28,32,34,32,36,36,16,34,34,29,32,28,27,18,29,32,26,26,32,34,26,26,26,40,32,36,32,30,35,29,38,31,38,36,35,30,35,29,32,36,30,36,34,27,36,34,36,36,28,13,30,32,34,37,36,32,36,26,26,30,20,34,32,32,35,34,35,38,31,32,35,34,36,26,34,32,40,34,32,36,33,35,37,38,38,36,40,32,36,36,31,38,36,19,36,36,36,30,36,30,38,32,32,32,37,36,36,40,34,16,36,13,16,37,32,35,34,38,34,37,32,41,41,161,38,36,36,42,40,37,36,34,24,40,34,38,36,36,33,36,34,38,38,36,12,38,38,38,16,33,40,38,32,20,32,37,43,39,36,34,18,36,38,36,38,36,36,38,41,39,22,47,42,50,40,32,35,46,44,38,,21,49
Farm0213,22,22,26,24,18,30,26,26,26,18,24,26,32,16,28,33,29,34,18,26,26,16,29,25,34,26,24,35,32,38,34,27,33,32,34,34,36,14,34,34,26,30,27,28,18,28,34,24,24,34,36,24,25,24,38,32,36,31,30,33,28,37,30,38,36,35,31,32,26,36,36,29,35,34,28,33,35,34,35,28,8,29,34,36,36,38,30,38,26,26,30,20,32,34,32,36,32,34,41,34,31,36,34,38,26,36,32,39,33,30,34,30,34,38,38,38,37,40,33,37,38,31,38,36,12,36,36,37,30,36,31,38,32,32,32,38,34,38,41,36,14,34,12,10,36,31,36,36,38,32,36,31,44,42,162,38,35,37,42,41,32,36,33,22,40,34,38,38,37,32,36,36,40,37,35,12,36,36,37,12,31,41,40,30,1,30,37,45,40,37,33,12,34,38,38,38,34,38,38,42,38,4,48,43,52,38,31,34,48,44,39,21,,48
Farm0214,28,28,34,30,34,19,33,36,34,34,30,32,19,34,34,17,36,20,34,32,34,33,36,32,18,32,28,22,17,23,18,32,18,20,20,22,23,34,20,18,34,37,32,30,35,35,19,30,30,16,18,32,32,30,24,18,22,37,36,22,35,24,38,24,22,40,18,20,31,18,20,34,42,40,34,21,18,22,22,33,42,35,17,18,19,21,38,20,32,33,38,38,40,18,38,14,36,40,24,20,38,18,18,20,30,17,37,46,39,38,41,37,21,22,22,22,20,20,19,44,20,38,22,20,46,20,20,22,36,42,36,45,36,38,37,21,42,20,19,22,44,40,40,46,44,38,19,15,17,40,41,38,8,25,138,23,42,22,24,24,40,44,38,41,23,40,17,16,20,39,20,22,22,20,40,40,43,24,21,46,37,27,25,38,48,39,43,9,24,22,40,46,41,43,22,19,42,22,18,25,45,50,14,8,10,23,37,40,30,24,18,49,48,
